Nota;Venda;Emissão;#;Descrição;Razão Social;Nome Fantasia;Cidade/UF;Vendedor;Prazo;Pag;UN;Qnt;Valor;Total kg;Total;Total NF
NFe 1848;859;05/01/2026 08:00:00;439;FRASCO 500ML - PET :: TRANSPARENTE;INDUSTRIA GAMA LTDA;GAMA;CARUARU/PE;VENDEDOR B;21,28,35;Boleto;UNID;7600;0,850;;6.460,00;6.460,00
NFe 1848;859;05/01/2026 08:00:00;97;TAMPA PCO 26MM - NORMAL :: PRETO;INDUSTRIA GAMA LTDA;GAMA;CARUARU/PE;VENDEDOR B;21,28,35;Boleto;UNID;38200;0,068;;2.597,60;2.727,48
NFe 1848;859;05/01/2026 08:00:00;212;DOSADORA R2 28/43 - PADRAO :: AZUL;INDUSTRIA GAMA LTDA;GAMA;CARUARU/PE;VENDEDOR B;21,28,35;Boleto;UNID;5700;0,250;;1.425,00;1.496,25
NFe 1849;860;06/01/2026 02:05:37;97;TAMPA PCO 26MM - NORMAL :: PRETO;COMERCIAL ALFA LTDA;ALFA;RECIFE/PE;VENDEDOR A;21,28,35;Boleto;UNID;29200;0,068;;1.985,60;2.084,88
NFe 1850;861;06/01/2026 09:51:18;439;FRASCO 500ML - PET :: TRANSPARENTE;COMERCIAL ALFA LTDA;ALFA;RECIFE/PE;VENDEDOR A;28,35,42;Boleto;UNID;36200;0,850;;30.770,00;30.770,00
NFe 1850;861;06/01/2026 09:51:18;97;TAMPA PCO 26MM - NORMAL :: PRETO;COMERCIAL ALFA LTDA;ALFA;RECIFE/PE;VENDEDOR A;28,35,42;Boleto;UNID;22100;0,068;;1.502,80;1.577,94
NFe 1850;861;06/01/2026 09:51:18;212;DOSADORA R2 28/43 - PADRAO :: AZUL;COMERCIAL ALFA LTDA;ALFA;RECIFE/PE;VENDEDOR A;28,35,42;Boleto;UNID;17900;0,250;;4.475,00;4.698,75
NFe 1851;862;06/01/2026 19:00:31;97;TAMPA PCO 26MM - NORMAL :: PRETO;COMERCIAL ALFA LTDA;ALFA;RECIFE/PE;VENDEDOR A;21,28,35;Boleto;UNID;18100;0,068;;1.230,80;1.292,34
NFe 1851;862;06/01/2026 19:00:31;443;TAMPA PCO 38MM COM LACRE - NORMAL :: BRANCO;COMERCIAL ALFA LTDA;ALFA;RECIFE/PE;VENDEDOR A;21,28,35;Boleto;UNID;31400;0,110;;3.454,00;3.626,70
NFe 1852;863;07/01/2026 04:51:33;439;FRASCO 500ML - PET :: TRANSPARENTE;DISTRIBUIDORA BETA S/A;BETA;OLINDA/PE;VENDEDOR B;28,35,42;Boleto;UNID;32600;0,850;;27.710,00;27.710,00
NFe 1853;864;08/01/2026 01:48:28;443;TAMPA PCO 38MM COM LACRE - NORMAL :: BRANCO;COMERCIAL ALFA LTDA;ALFA;RECIFE/PE;VENDEDOR A;21,28,35;Boleto;UNID;40000;0,110;;4.400,00;4.620,00
NFe 1854;865;08/01/2026 11:54:22;439;FRASCO 500ML - PET :: TRANSPARENTE;COMERCIAL ALFA LTDA;ALFA;RECIFE/PE;VENDEDOR A;28,35,42;Boleto;UNID;19400;0,850;;16.490,00;16.490,00
NFe 1854;865;08/01/2026 11:54:22;97;TAMPA PCO 26MM - NORMAL :: PRETO;COMERCIAL ALFA LTDA;ALFA;RECIFE/PE;VENDEDOR A;28,35,42;Boleto;UNID;18600;0,068;;1.264,80;1.328,04
NFe 1855;866;08/01/2026 19:36:39;443;TAMPA PCO 38MM COM LACRE - NORMAL :: BRANCO;INDUSTRIA GAMA LTDA;GAMA;CARUARU/PE;VENDEDOR B;21,28,35;Boleto;UNID;8800;0,110;;968,00;1.016,40
NFe 1855;866;08/01/2026 19:36:39;439;FRASCO 500ML - PET :: TRANSPARENTE;INDUSTRIA GAMA LTDA;GAMA;CARUARU/PE;VENDEDOR B;21,28,35;Boleto;UNID;24100;0,850;;20.485,00;20.485,00
NFe 1855;866;08/01/2026 19:36:39;97;TAMPA PCO 26MM - NORMAL :: PRETO;INDUSTRIA GAMA LTDA;GAMA;CARUARU/PE;VENDEDOR B;21,28,35;Boleto;UNID;19900;0,068;;1.353,20;1.420,86
NFe 1856;867;09/01/2026 05:36:19;443;TAMPA PCO 38MM COM LACRE - NORMAL :: BRANCO;COMERCIAL ALFA LTDA;ALFA;RECIFE/PE;VENDEDOR A;28,35,42;Boleto;UNID;2100;0,110;;231,00;242,55
NFe 1857;868;09/01/2026 17:01:36;443;TAMPA PCO 38MM COM LACRE - NORMAL :: BRANCO;COMERCIAL ALFA LTDA;ALFA;RECIFE/PE;VENDEDOR A;28,35,42;Boleto;UNID;-2.100;0,110;;-231,00;-242,55
NFe 1858;869;10/01/2026 12:58:21;443;TAMPA PCO 38MM COM LACRE - NORMAL :: BRANCO;COMERCIAL ALFA LTDA;ALFA;RECIFE/PE;VENDEDOR A;28,35,42;Boleto;UNID;2100;0,110;;231,00;242,55
NFe 1859;870;11/01/2026 05:24:17;439;FRASCO 500ML - PET :: TRANSPARENTE;ATACADO OMEGA LTDA;OMEGA;PAULISTA/PE;VENDEDOR C;28,35,42;Boleto;UNID;7600;0,850;;6.460,00;6.460,00
NFe 1860;871;11/01/2026 14:11:52;212;DOSADORA R2 28/43 - PADRAO :: AZUL;EMBALAGENS DELTA ME;DELTA;JABOATAO/PE;VENDEDOR B;28,35,42;Boleto;UNID;7500;0,250;;1.875,00;1.968,75
NFe 1860;871;11/01/2026 14:11:52;443;TAMPA PCO 38MM COM LACRE - NORMAL :: BRANCO;EMBALAGENS DELTA ME;DELTA;JABOATAO/PE;VENDEDOR B;28,35,42;Boleto;UNID;26500;0,110;;2.915,00;3.060,75
NFe 1860;871;11/01/2026 14:11:52;97;TAMPA PCO 26MM - NORMAL :: PRETO;EMBALAGENS DELTA ME;DELTA;JABOATAO/PE;VENDEDOR B;28,35,42;Boleto;UNID;25700;0,068;;1.747,60;1.834,98
NFe 1861;872;11/01/2026 17:59:55;212;DOSADORA R2 28/43 - PADRAO :: AZUL;COMERCIAL ALFA LTDA;ALFA;RECIFE/PE;VENDEDOR A;21,28,35;Boleto;UNID;20200;0,250;;5.050,00;5.302,50
NFe 1861;872;11/01/2026 17:59:55;439;FRASCO 500ML - PET :: TRANSPARENTE;COMERCIAL ALFA LTDA;ALFA;RECIFE/PE;VENDEDOR A;21,28,35;Boleto;UNID;20000;0,850;;17.000,00;17.000,00
NFe 1861;872;11/01/2026 17:59:55;97;TAMPA PCO 26MM - NORMAL :: PRETO;COMERCIAL ALFA LTDA;ALFA;RECIFE/PE;VENDEDOR A;21,28,35;Boleto;UNID;31000;0,068;;2.108,00;2.213,40
NFe 1862;873;12/01/2026 09:33:11;97;TAMPA PCO 26MM - NORMAL :: PRETO;ATACADO OMEGA LTDA;OMEGA;PAULISTA/PE;VENDEDOR C;21,28,35;Boleto;UNID;39800;0,068;;2.706,40;2.841,72
NFe 1862;873;12/01/2026 09:33:11;439;FRASCO 500ML - PET :: TRANSPARENTE;ATACADO OMEGA LTDA;OMEGA;PAULISTA/PE;VENDEDOR C;21,28,35;Boleto;UNID;33300;0,850;;28.305,00;28.305,00
NFe 1862;873;12/01/2026 09:33:11;443;TAMPA PCO 38MM COM LACRE - NORMAL :: BRANCO;ATACADO OMEGA LTDA;OMEGA;PAULISTA/PE;VENDEDOR C;21,28,35;Boleto;UNID;17900;0,110;;1.969,00;2.067,45
NFe 1863;874;12/01/2026 13:51:38;439;FRASCO 500ML - PET :: TRANSPARENTE;COMERCIAL ALFA LTDA;ALFA;RECIFE/PE;VENDEDOR A;38,45,52;Boleto;UNID;26400;0,850;;22.440,00;22.440,00
NFe 1863;874;12/01/2026 13:51:38;212;DOSADORA R2 28/43 - PADRAO :: AZUL;COMERCIAL ALFA LTDA;ALFA;RECIFE/PE;VENDEDOR A;38,45,52;Boleto;UNID;5900;0,250;;1.475,00;1.548,75
NFe 1863;874;12/01/2026 13:51:38;97;TAMPA PCO 26MM - NORMAL :: PRETO;COMERCIAL ALFA LTDA;ALFA;RECIFE/PE;VENDEDOR A;38,45,52;Boleto;UNID;32500;0,068;;2.210,00;2.320,50
NFe 1864;875;13/01/2026 00:45:18;97;TAMPA PCO 26MM - NORMAL :: PRETO;COMERCIAL ALFA LTDA;ALFA;RECIFE/PE;VENDEDOR A;28,35,42;Boleto;UNID;31100;0,068;;2.114,80;2.220,54
NFe 1865;876;13/01/2026 12:16:19;97;TAMPA PCO 26MM - NORMAL :: PRETO;COMERCIAL ALFA LTDA;ALFA;RECIFE/PE;VENDEDOR A;28,35,42;Boleto;UNID;12800;0,068;;870,40;913,92
NFe 1866;877;14/01/2026 07:21:24;443;TAMPA PCO 38MM COM LACRE - NORMAL :: BRANCO;EMBALAGENS DELTA ME;DELTA;JABOATAO/PE;VENDEDOR B;38,45,52;Boleto;UNID;34200;0,110;;3.762,00;3.950,10
NFe 1867;878;14/01/2026 23:56:34;443;TAMPA PCO 38MM COM LACRE - NORMAL :: BRANCO;ATACADO OMEGA LTDA;OMEGA;PAULISTA/PE;VENDEDOR C;28,35,42;Boleto;UNID;37000;0,110;;4.070,00;4.273,50
NFe 1868;879;15/01/2026 10:22:16;97;TAMPA PCO 26MM - NORMAL :: PRETO;COMERCIAL ALFA LTDA;ALFA;RECIFE/PE;VENDEDOR A;38,45,52;Boleto;UNID;12000;0,068;;816,00;856,80
NFe 1868;879;15/01/2026 10:22:16;212;DOSADORA R2 28/43 - PADRAO :: AZUL;COMERCIAL ALFA LTDA;ALFA;RECIFE/PE;VENDEDOR A;38,45,52;Boleto;UNID;3700;0,250;;925,00;971,25
NFe 1869;880;15/01/2026 21:23:53;97;TAMPA PCO 26MM - NORMAL :: PRETO;DISTRIBUIDORA BETA S/A;BETA;OLINDA/PE;VENDEDOR B;21,28,35;Boleto;UNID;12200;0,068;;829,60;871,08
NFe 1870;881;16/01/2026 01:20:55;212;DOSADORA R2 28/43 - PADRAO :: AZUL;COMERCIAL ALFA LTDA;ALFA;RECIFE/PE;VENDEDOR A;21,28,35;Boleto;UNID;28100;0,250;;7.025,00;7.376,25
NFe 1870;881;16/01/2026 01:20:55;97;TAMPA PCO 26MM - NORMAL :: PRETO;COMERCIAL ALFA LTDA;ALFA;RECIFE/PE;VENDEDOR A;21,28,35;Boleto;UNID;7200;0,068;;489,60;514,08
NFe 1871;882;16/01/2026 20:57:25;97;TAMPA PCO 26MM - NORMAL :: PRETO;DISTRIBUIDORA BETA S/A;BETA;OLINDA/PE;VENDEDOR B;28,35,42;Boleto;UNID;5400;0,068;;367,20;385,56
NFe 1872;883;17/01/2026 11:19:52;97;TAMPA PCO 26MM - NORMAL :: PRETO;ATACADO OMEGA LTDA;OMEGA;PAULISTA/PE;VENDEDOR C;21,28,35;Boleto;UNID;37700;0,068;;2.563,60;2.691,78
NFe 1872;883;17/01/2026 11:19:52;212;DOSADORA R2 28/43 - PADRAO :: AZUL;ATACADO OMEGA LTDA;OMEGA;PAULISTA/PE;VENDEDOR C;21,28,35;Boleto;UNID;17800;0,250;;4.450,00;4.672,50
NFe 1872;883;17/01/2026 11:19:52;443;TAMPA PCO 38MM COM LACRE - NORMAL :: BRANCO;ATACADO OMEGA LTDA;OMEGA;PAULISTA/PE;VENDEDOR C;21,28,35;Boleto;UNID;6000;0,110;;660,00;693,00
NFe 1873;884;17/01/2026 19:32:04;212;DOSADORA R2 28/43 - PADRAO :: AZUL;COMERCIAL ALFA LTDA;ALFA;RECIFE/PE;VENDEDOR A;21,28,35;Boleto;UNID;4300;0,250;;1.075,00;1.128,75
NFe 1873;884;17/01/2026 19:32:04;97;TAMPA PCO 26MM - NORMAL :: PRETO;COMERCIAL ALFA LTDA;ALFA;RECIFE/PE;VENDEDOR A;21,28,35;Boleto;UNID;23100;0,068;;1.570,80;1.649,34
NFe 1874;885;18/01/2026 13:38:07;443;TAMPA PCO 38MM COM LACRE - NORMAL :: BRANCO;DISTRIBUIDORA BETA S/A;BETA;OLINDA/PE;VENDEDOR B;21,28,35;Boleto;UNID;9000;0,110;;990,00;1.039,50
NFe 1875;886;19/01/2026 04:09:37;212;DOSADORA R2 28/43 - PADRAO :: AZUL;COMERCIAL ALFA LTDA;ALFA;RECIFE/PE;VENDEDOR A;21,28,35;Boleto;UNID;600;0,250;;150,00;157,50
NFe 1876;887;19/01/2026 17:26:36;212;DOSADORA R2 28/43 - PADRAO :: AZUL;DISTRIBUIDORA BETA S/A;BETA;OLINDA/PE;VENDEDOR B;28,35,42;Boleto;UNID;15600;0,250;;3.900,00;4.095,00
NFe 1876;887;19/01/2026 17:26:36;97;TAMPA PCO 26MM - NORMAL :: PRETO;DISTRIBUIDORA BETA S/A;BETA;OLINDA/PE;VENDEDOR B;28,35,42;Boleto;UNID;11600;0,068;;788,80;828,24
NFe 1876;887;19/01/2026 17:26:36;439;FRASCO 500ML - PET :: TRANSPARENTE;DISTRIBUIDORA BETA S/A;BETA;OLINDA/PE;VENDEDOR B;28,35,42;Boleto;UNID;3400;0,850;;2.890,00;2.890,00
NFe 1877;888;20/01/2026 13:14:10;212;DOSADORA R2 28/43 - PADRAO :: AZUL;DISTRIBUIDORA BETA S/A;BETA;OLINDA/PE;VENDEDOR B;28,35,42;Boleto;UNID;-15.600;0,250;;-3.900,00;-4.095,00
NFe 1877;888;20/01/2026 13:14:10;97;TAMPA PCO 26MM - NORMAL :: PRETO;DISTRIBUIDORA BETA S/A;BETA;OLINDA/PE;VENDEDOR B;28,35,42;Boleto;UNID;-11.600;0,068;;-788,80;-828,24
NFe 1877;888;20/01/2026 13:14:10;439;FRASCO 500ML - PET :: TRANSPARENTE;DISTRIBUIDORA BETA S/A;BETA;OLINDA/PE;VENDEDOR B;28,35,42;Boleto;UNID;-3.400;0,850;;-2.890,00;-2.890,00
NFe 1878;889;21/01/2026 00:17:13;97;TAMPA PCO 26MM - NORMAL :: PRETO;DISTRIBUIDORA BETA S/A;BETA;OLINDA/PE;VENDEDOR B;38,45,52;Boleto;UNID;26500;0,068;;1.802,00;1.892,10
NFe 1879;890;21/01/2026 04:11:24;97;TAMPA PCO 26MM - NORMAL :: PRETO;DISTRIBUIDORA BETA S/A;BETA;OLINDA/PE;VENDEDOR B;38,45,52;Boleto;UNID;-26.500;0,068;;-1.802,00;-1.892,10
NFe 1880;891;21/01/2026 07:55:19;97;TAMPA PCO 26MM - NORMAL :: PRETO;DISTRIBUIDORA BETA S/A;BETA;OLINDA/PE;VENDEDOR B;38,45,52;Boleto;UNID;26500;0,068;;1.802,00;1.892,10
NFe 1881;892;21/01/2026 12:51:55;97;TAMPA PCO 26MM - NORMAL :: PRETO;COMERCIAL ALFA LTDA;ALFA;RECIFE/PE;VENDEDOR A;38,45,52;Boleto;UNID;21900;0,068;;1.489,20;1.563,66
NFe 1882;893;22/01/2026 08:28:28;439;FRASCO 500ML - PET :: TRANSPARENTE;COMERCIAL ALFA LTDA;ALFA;RECIFE/PE;VENDEDOR A;38,45,52;Boleto;UNID;20700;0,850;;17.595,00;17.595,00
NFe 1882;893;22/01/2026 08:28:28;97;TAMPA PCO 26MM - NORMAL :: PRETO;COMERCIAL ALFA LTDA;ALFA;RECIFE/PE;VENDEDOR A;38,45,52;Boleto;UNID;7200;0,068;;489,60;514,08
NFe 1882;893;22/01/2026 08:28:28;443;TAMPA PCO 38MM COM LACRE - NORMAL :: BRANCO;COMERCIAL ALFA LTDA;ALFA;RECIFE/PE;VENDEDOR A;38,45,52;Boleto;UNID;34800;0,110;;3.828,00;4.019,40
NFe 1883;894;22/01/2026 18:57:48;97;TAMPA PCO 26MM - NORMAL :: PRETO;ATACADO OMEGA LTDA;OMEGA;PAULISTA/PE;VENDEDOR C;21,28,35;Boleto;UNID;28000;0,068;;1.904,00;1.999,20
NFe 1883;894;22/01/2026 18:57:48;212;DOSADORA R2 28/43 - PADRAO :: AZUL;ATACADO OMEGA LTDA;OMEGA;PAULISTA/PE;VENDEDOR C;21,28,35;Boleto;UNID;11400;0,250;;2.850,00;2.992,50
NFe 1884;895;23/01/2026 12:13:56;439;FRASCO 500ML - PET :: TRANSPARENTE;ATACADO OMEGA LTDA;OMEGA;PAULISTA/PE;VENDEDOR C;21,28,35;Boleto;UNID;22900;0,850;;19.465,00;19.465,00
NFe 1884;895;23/01/2026 12:13:56;97;TAMPA PCO 26MM - NORMAL :: PRETO;ATACADO OMEGA LTDA;OMEGA;PAULISTA/PE;VENDEDOR C;21,28,35;Boleto;UNID;28300;0,068;;1.924,40;2.020,62
NFe 1885;896;23/01/2026 22:53:47;97;TAMPA PCO 26MM - NORMAL :: PRETO;COMERCIAL ALFA LTDA;ALFA;RECIFE/PE;VENDEDOR A;38,45,52;Boleto;UNID;14000;0,068;;952,00;999,60
NFe 1885;896;23/01/2026 22:53:47;212;DOSADORA R2 28/43 - PADRAO :: AZUL;COMERCIAL ALFA LTDA;ALFA;RECIFE/PE;VENDEDOR A;38,45,52;Boleto;UNID;6400;0,250;;1.600,00;1.680,00
NFe 1886;897;24/01/2026 03:41:22;439;FRASCO 500ML - PET :: TRANSPARENTE;COMERCIAL ALFA LTDA;ALFA;RECIFE/PE;VENDEDOR A;21,28,35;Boleto;UNID;26300;0,850;;22.355,00;22.355,00
NFe 1886;897;24/01/2026 03:41:22;97;TAMPA PCO 26MM - NORMAL :: PRETO;COMERCIAL ALFA LTDA;ALFA;RECIFE/PE;VENDEDOR A;21,28,35;Boleto;UNID;25500;0,068;;1.734,00;1.820,70
NFe 1886;897;24/01/2026 03:41:22;443;TAMPA PCO 38MM COM LACRE - NORMAL :: BRANCO;COMERCIAL ALFA LTDA;ALFA;RECIFE/PE;VENDEDOR A;21,28,35;Boleto;UNID;13300;0,110;;1.463,00;1.536,15
NFe 1887;898;24/01/2026 05:47:02;443;TAMPA PCO 38MM COM LACRE - NORMAL :: BRANCO;COMERCIAL ALFA LTDA;ALFA;RECIFE/PE;VENDEDOR A;21,28,35;Boleto;UNID;13900;0,110;;1.529,00;1.605,45
NFe 1887;898;24/01/2026 05:47:02;439;FRASCO 500ML - PET :: TRANSPARENTE;COMERCIAL ALFA LTDA;ALFA;RECIFE/PE;VENDEDOR A;21,28,35;Boleto;UNID;8700;0,850;;7.395,00;7.395,00
NFe 1888;899;24/01/2026 21:22:47;443;TAMPA PCO 38MM COM LACRE - NORMAL :: BRANCO;COMERCIAL ALFA LTDA;ALFA;RECIFE/PE;VENDEDOR A;21,28,35;Boleto;UNID;19400;0,110;;2.134,00;2.240,70
NFe 1888;899;24/01/2026 21:22:47;439;FRASCO 500ML - PET :: TRANSPARENTE;COMERCIAL ALFA LTDA;ALFA;RECIFE/PE;VENDEDOR A;21,28,35;Boleto;UNID;30300;0,850;;25.755,00;25.755,00
NFe 1888;899;24/01/2026 21:22:47;97;TAMPA PCO 26MM - NORMAL :: PRETO;COMERCIAL ALFA LTDA;ALFA;RECIFE/PE;VENDEDOR A;21,28,35;Boleto;UNID;28700;0,068;;1.951,60;2.049,18
NFe 1889;900;25/01/2026 02:49:55;443;TAMPA PCO 38MM COM LACRE - NORMAL :: BRANCO;COMERCIAL ALFA LTDA;ALFA;RECIFE/PE;VENDEDOR A;21,28,35;Boleto;UNID;-19.400;0,110;;-2.134,00;-2.240,70
NFe 1889;900;25/01/2026 02:49:55;439;FRASCO 500ML - PET :: TRANSPARENTE;COMERCIAL ALFA LTDA;ALFA;RECIFE/PE;VENDEDOR A;21,28,35;Boleto;UNID;-30.300;0,850;;-25.755,00;-25.755,00
NFe 1889;900;25/01/2026 02:49:55;97;TAMPA PCO 26MM - NORMAL :: PRETO;COMERCIAL ALFA LTDA;ALFA;RECIFE/PE;VENDEDOR A;21,28,35;Boleto;UNID;-28.700;0,068;;-1.951,60;-2.049,18
NFe 1890;901;25/01/2026 15:47:54;443;TAMPA PCO 38MM COM LACRE - NORMAL :: BRANCO;ATACADO OMEGA LTDA;OMEGA;PAULISTA/PE;VENDEDOR C;28,35,42;Boleto;UNID;34600;0,110;;3.806,00;3.996,30
NFe 1891;902;25/01/2026 20:10:43;443;TAMPA PCO 38MM COM LACRE - NORMAL :: BRANCO;ATACADO OMEGA LTDA;OMEGA;PAULISTA/PE;VENDEDOR C;38,45,52;Boleto;UNID;9500;0,110;;1.045,00;1.097,25
NFe 1891;902;25/01/2026 20:10:43;97;TAMPA PCO 26MM - NORMAL :: PRETO;ATACADO OMEGA LTDA;OMEGA;PAULISTA/PE;VENDEDOR C;38,45,52;Boleto;UNID;21600;0,068;;1.468,80;1.542,24
NFe 1891;902;25/01/2026 20:10:43;439;FRASCO 500ML - PET :: TRANSPARENTE;ATACADO OMEGA LTDA;OMEGA;PAULISTA/PE;VENDEDOR C;38,45,52;Boleto;UNID;1700;0,850;;1.445,00;1.445,00
NFe 1892;903;26/01/2026 02:58:42;443;TAMPA PCO 38MM COM LACRE - NORMAL :: BRANCO;ATACADO OMEGA LTDA;OMEGA;PAULISTA/PE;VENDEDOR C;38,45,52;Boleto;UNID;36400;0,110;;4.004,00;4.204,20
NFe 1892;903;26/01/2026 02:58:42;212;DOSADORA R2 28/43 - PADRAO :: AZUL;ATACADO OMEGA LTDA;OMEGA;PAULISTA/PE;VENDEDOR C;38,45,52;Boleto;UNID;6000;0,250;;1.500,00;1.575,00
NFe 1892;903;26/01/2026 02:58:42;97;TAMPA PCO 26MM - NORMAL :: PRETO;ATACADO OMEGA LTDA;OMEGA;PAULISTA/PE;VENDEDOR C;38,45,52;Boleto;UNID;20000;0,068;;1.360,00;1.428,00
NFe 1893;904;26/01/2026 05:53:12;439;FRASCO 500ML - PET :: TRANSPARENTE;EMBALAGENS DELTA ME;DELTA;JABOATAO/PE;VENDEDOR B;28,35,42;Boleto;UNID;11900;0,850;;10.115,00;10.115,00
NFe 1893;904;26/01/2026 05:53:12;901;TAMPA ANTIGA 28MM SEM PADRAO;EMBALAGENS DELTA ME;DELTA;JABOATAO/PE;VENDEDOR B;28,35,42;Boleto;UNID;1700;0,068;;115,60;121,38
NFe 1894;905;26/01/2026 13:18:33;212;DOSADORA R2 28/43 - PADRAO :: AZUL;COMERCIAL ALFA LTDA;ALFA;RECIFE/PE;VENDEDOR A;28,35,42;Boleto;UNID;27900;0,250;;6.975,00;7.323,75
NFe 1894;905;26/01/2026 13:18:33;439;FRASCO 500ML - PET :: TRANSPARENTE;COMERCIAL ALFA LTDA;ALFA;RECIFE/PE;VENDEDOR A;28,35,42;Boleto;UNID;17400;0,850;;14.790,00;14.790,00
NFe 1895;906;26/01/2026 14:26:29;97;TAMPA PCO 26MM - NORMAL :: PRETO;COMERCIAL ALFA LTDA;ALFA;RECIFE/PE;VENDEDOR A;28,35,42;Boleto;UNID;31000;0,068;;2.108,00;2.213,40
NFe 1896;907;27/01/2026 04:49:15;212;DOSADORA R2 28/43 - PADRAO :: AZUL;COMERCIAL ALFA LTDA;ALFA;RECIFE/PE;VENDEDOR A;38,45,52;Boleto;UNID;30000;0,250;;7.500,00;7.875,00
NFe 1897;908;27/01/2026 12:05:17;443;TAMPA PCO 38MM COM LACRE - NORMAL :: BRANCO;COMERCIAL ALFA LTDA;ALFA;RECIFE/PE;VENDEDOR A;38,45,52;Boleto;UNID;4000;0,110;;440,00;462,00
NFe 1897;908;27/01/2026 12:05:17;212;DOSADORA R2 28/43 - PADRAO :: AZUL;COMERCIAL ALFA LTDA;ALFA;RECIFE/PE;VENDEDOR A;38,45,52;Boleto;UNID;34500;0,250;;8.625,00;9.056,25
NFe 1897;908;27/01/2026 12:05:17;439;FRASCO 500ML - PET :: TRANSPARENTE;COMERCIAL ALFA LTDA;ALFA;RECIFE/PE;VENDEDOR A;38,45,52;Boleto;UNID;17400;0,850;;14.790,00;14.790,00
NFe 1898;909;28/01/2026 08:25:59;439;FRASCO 500ML - PET :: TRANSPARENTE;INDUSTRIA GAMA LTDA;GAMA;CARUARU/PE;VENDEDOR B;28,35,42;Boleto;UNID;17200;0,850;;14.620,00;14.620,00
NFe 1898;909;28/01/2026 08:25:59;212;DOSADORA R2 28/43 - PADRAO :: AZUL;INDUSTRIA GAMA LTDA;GAMA;CARUARU/PE;VENDEDOR B;28,35,42;Boleto;UNID;21100;0,250;;5.275,00;5.538,75
NFe 1898;909;28/01/2026 08:25:59;443;TAMPA PCO 38MM COM LACRE - NORMAL :: BRANCO;INDUSTRIA GAMA LTDA;GAMA;CARUARU/PE;VENDEDOR B;28,35,42;Boleto;UNID;36100;0,110;;3.971,00;4.169,55
NFe 1899;910;28/01/2026 19:01:07;443;TAMPA PCO 38MM COM LACRE - NORMAL :: BRANCO;INDUSTRIA GAMA LTDA;GAMA;CARUARU/PE;VENDEDOR B;28,35,42;Boleto;UNID;21200;0,110;;2.332,00;2.448,60
NFe 1899;910;28/01/2026 19:01:07;439;FRASCO 500ML - PET :: TRANSPARENTE;INDUSTRIA GAMA LTDA;GAMA;CARUARU/PE;VENDEDOR B;28,35,42;Boleto;UNID;28500;0,850;;24.225,00;24.225,00
NFe 1899;910;28/01/2026 19:01:07;212;DOSADORA R2 28/43 - PADRAO :: AZUL;INDUSTRIA GAMA LTDA;GAMA;CARUARU/PE;VENDEDOR B;28,35,42;Boleto;UNID;500;0,250;;125,00;131,25
NFe 1900;911;29/01/2026 05:19:20;212;DOSADORA R2 28/43 - PADRAO :: AZUL;DISTRIBUIDORA BETA S/A;BETA;OLINDA/PE;VENDEDOR B;38,45,52;Boleto;UNID;23100;0,250;;5.775,00;6.063,75
NFe 1900;911;29/01/2026 05:19:20;443;TAMPA PCO 38MM COM LACRE - NORMAL :: BRANCO;DISTRIBUIDORA BETA S/A;BETA;OLINDA/PE;VENDEDOR B;38,45,52;Boleto;UNID;35000;0,110;;3.850,00;4.042,50
NFe 1901;912;29/01/2026 12:51:50;97;TAMPA PCO 26MM - NORMAL :: PRETO;ATACADO OMEGA LTDA;OMEGA;PAULISTA/PE;VENDEDOR C;38,45,52;Boleto;UNID;15000;0,068;;1.020,00;1.071,00
NFe 1902;913;30/01/2026 06:34:30;439;FRASCO 500ML - PET :: TRANSPARENTE;COMERCIAL ALFA LTDA;ALFA;RECIFE/PE;VENDEDOR A;21,28,35;Boleto;UNID;8000;0,850;;6.800,00;6.800,00
NFe 1902;913;30/01/2026 06:34:30;97;TAMPA PCO 26MM - NORMAL :: PRETO;COMERCIAL ALFA LTDA;ALFA;RECIFE/PE;VENDEDOR A;21,28,35;Boleto;UNID;1700;0,068;;115,60;121,38
NFe 1902;913;30/01/2026 06:34:30;212;DOSADORA R2 28/43 - PADRAO :: AZUL;COMERCIAL ALFA LTDA;ALFA;RECIFE/PE;VENDEDOR A;21,28,35;Boleto;UNID;2800;0,250;;700,00;735,00
NFe 1903;914;30/01/2026 15:05:09;443;TAMPA PCO 38MM COM LACRE - NORMAL :: BRANCO;COMERCIAL ALFA LTDA;ALFA;RECIFE/PE;VENDEDOR A;28,35,42;Boleto;UNID;25800;0,110;;2.838,00;2.979,90
NFe 1903;914;30/01/2026 15:05:09;439;FRASCO 500ML - PET :: TRANSPARENTE;COMERCIAL ALFA LTDA;ALFA;RECIFE/PE;VENDEDOR A;28,35,42;Boleto;UNID;20900;0,850;;17.765,00;17.765,00
NFe 1903;914;30/01/2026 15:05:09;212;DOSADORA R2 28/43 - PADRAO :: AZUL;COMERCIAL ALFA LTDA;ALFA;RECIFE/PE;VENDEDOR A;28,35,42;Boleto;UNID;12900;0,250;;3.225,00;3.386,25
NFe 1904;915;30/01/2026 20:46:53;443;TAMPA PCO 38MM COM LACRE - NORMAL :: BRANCO;COMERCIAL ALFA LTDA;ALFA;RECIFE/PE;VENDEDOR A;28,35,42;Boleto;UNID;-25.800;0,110;;-2.838,00;-2.979,90
NFe 1904;915;30/01/2026 20:46:53;439;FRASCO 500ML - PET :: TRANSPARENTE;COMERCIAL ALFA LTDA;ALFA;RECIFE/PE;VENDEDOR A;28,35,42;Boleto;UNID;-20.900;0,850;;-17.765,00;-17.765,00
NFe 1904;915;30/01/2026 20:46:53;212;DOSADORA R2 28/43 - PADRAO :: AZUL;COMERCIAL ALFA LTDA;ALFA;RECIFE/PE;VENDEDOR A;28,35,42;Boleto;UNID;-12.900;0,250;;-3.225,00;-3.386,25
NFe 1905;916;31/01/2026 01:36:20;443;TAMPA PCO 38MM COM LACRE - NORMAL :: BRANCO;COMERCIAL ALFA LTDA;ALFA;RECIFE/PE;VENDEDOR A;28,35,42;Boleto;UNID;25800;0,110;;2.838,00;2.979,90
NFe 1905;916;31/01/2026 01:36:20;439;FRASCO 500ML - PET :: TRANSPARENTE;COMERCIAL ALFA LTDA;ALFA;RECIFE/PE;VENDEDOR A;28,35,42;Boleto;UNID;20900;0,850;;17.765,00;17.765,00
NFe 1905;916;31/01/2026 01:36:20;212;DOSADORA R2 28/43 - PADRAO :: AZUL;COMERCIAL ALFA LTDA;ALFA;RECIFE/PE;VENDEDOR A;28,35,42;Boleto;UNID;12900;0,250;;3.225,00;3.386,25
NFe 1906;917;31/01/2026 19:05:23;443;TAMPA PCO 38MM COM LACRE - NORMAL :: BRANCO;DISTRIBUIDORA BETA S/A;BETA;OLINDA/PE;VENDEDOR B;21,28,35;Boleto;UNID;34600;0,110;;3.806,00;3.996,30
NFe 1906;917;31/01/2026 19:05:23;212;DOSADORA R2 28/43 - PADRAO :: AZUL;DISTRIBUIDORA BETA S/A;BETA;OLINDA/PE;VENDEDOR B;21,28,35;Boleto;UNID;27600;0,250;;6.900,00;7.245,00
NFe 1907;918;01/02/2026 13:43:43;212;DOSADORA R2 28/43 - PADRAO :: AZUL;ATACADO OMEGA LTDA;OMEGA;PAULISTA/PE;VENDEDOR C;38,45,52;Boleto;UNID;8600;0,250;;2.150,00;2.257,50
NFe 1907;918;01/02/2026 13:43:43;439;FRASCO 500ML - PET :: TRANSPARENTE;ATACADO OMEGA LTDA;OMEGA;PAULISTA/PE;VENDEDOR C;38,45,52;Boleto;UNID;38500;0,850;;32.725,00;32.725,00
NFe 1907;918;01/02/2026 13:43:43;443;TAMPA PCO 38MM COM LACRE - NORMAL :: BRANCO;ATACADO OMEGA LTDA;OMEGA;PAULISTA/PE;VENDEDOR C;38,45,52;Boleto;UNID;24800;0,110;;2.728,00;2.864,40
NFe 1908;919;02/02/2026 05:00:31;443;TAMPA PCO 38MM COM LACRE - NORMAL :: BRANCO;INDUSTRIA GAMA LTDA;GAMA;CARUARU/PE;VENDEDOR B;38,45,52;Boleto;UNID;23000;0,110;;2.530,00;2.656,50
NFe 1908;919;02/02/2026 05:00:31;212;DOSADORA R2 28/43 - PADRAO :: AZUL;INDUSTRIA GAMA LTDA;GAMA;CARUARU/PE;VENDEDOR B;38,45,52;Boleto;UNID;4400;0,250;;1.100,00;1.155,00
NFe 1909;920;02/02/2026 15:15:48;443;TAMPA PCO 38MM COM LACRE - NORMAL :: BRANCO;ATACADO OMEGA LTDA;OMEGA;PAULISTA/PE;VENDEDOR C;21,28,35;Boleto;UNID;12300;0,110;;1.353,00;1.420,65
NFe 1910;921;03/02/2026 04:59:57;212;DOSADORA R2 28/43 - PADRAO :: AZUL;COMERCIAL ALFA LTDA;ALFA;RECIFE/PE;VENDEDOR A;28,35,42;Boleto;UNID;3600;0,250;;900,00;945,00
NFe 1910;921;03/02/2026 04:59:57;443;TAMPA PCO 38MM COM LACRE - NORMAL :: BRANCO;COMERCIAL ALFA LTDA;ALFA;RECIFE/PE;VENDEDOR A;28,35,42;Boleto;UNID;11000;0,110;;1.210,00;1.270,50
NFe 1911;922;03/02/2026 19:24:54;212;DOSADORA R2 28/43 - PADRAO :: AZUL;ATACADO OMEGA LTDA;OMEGA;PAULISTA/PE;VENDEDOR C;21,28,35;Boleto;UNID;18500;0,250;;4.625,00;4.856,25
NFe 1911;922;03/02/2026 19:24:54;443;TAMPA PCO 38MM COM LACRE - NORMAL :: BRANCO;ATACADO OMEGA LTDA;OMEGA;PAULISTA/PE;VENDEDOR C;21,28,35;Boleto;UNID;15700;0,110;;1.727,00;1.813,35
NFe 1911;922;03/02/2026 19:24:54;97;TAMPA PCO 26MM - NORMAL :: PRETO;ATACADO OMEGA LTDA;OMEGA;PAULISTA/PE;VENDEDOR C;21,28,35;Boleto;UNID;39000;0,068;;2.652,00;2.784,60
NFe 1912;923;04/02/2026 09:19:51;443;TAMPA PCO 38MM COM LACRE - NORMAL :: BRANCO;COMERCIAL ALFA LTDA;ALFA;RECIFE/PE;VENDEDOR A;38,45,52;Boleto;UNID;14400;0,110;;1.584,00;1.663,20
NFe 1912;923;04/02/2026 09:19:51;212;DOSADORA R2 28/43 - PADRAO :: AZUL;COMERCIAL ALFA LTDA;ALFA;RECIFE/PE;VENDEDOR A;38,45,52;Boleto;UNID;22800;0,250;;5.700,00;5.985,00
NFe 1912;923;04/02/2026 09:19:51;97;TAMPA PCO 26MM - NORMAL :: PRETO;COMERCIAL ALFA LTDA;ALFA;RECIFE/PE;VENDEDOR A;38,45,52;Boleto;UNID;25300;0,068;;1.720,40;1.806,42
NFe 1913;924;04/02/2026 10:44:12;212;DOSADORA R2 28/43 - PADRAO :: AZUL;EMBALAGENS DELTA ME;DELTA;JABOATAO/PE;VENDEDOR B;38,45,52;Boleto;UNID;7000;0,250;;1.750,00;1.837,50
NFe 1914;925;05/02/2026 07:18:13;97;TAMPA PCO 26MM - NORMAL :: PRETO;DISTRIBUIDORA BETA S/A;BETA;OLINDA/PE;VENDEDOR B;38,45,52;Boleto;UNID;33400;0,068;;2.271,20;2.384,76
NFe 1915;926;05/02/2026 21:27:08;443;TAMPA PCO 38MM COM LACRE - NORMAL :: BRANCO;COMERCIAL ALFA LTDA;ALFA;RECIFE/PE;VENDEDOR A;28,35,42;Boleto;UNID;17200;0,110;;1.892,00;1.986,60
NFe 1915;926;05/02/2026 21:27:08;212;DOSADORA R2 28/43 - PADRAO :: AZUL;COMERCIAL ALFA LTDA;ALFA;RECIFE/PE;VENDEDOR A;28,35,42;Boleto;UNID;17700;0,250;;4.425,00;4.646,25
NFe 1916;927;06/02/2026 10:44:56;97;TAMPA PCO 26MM - NORMAL :: PRETO;COMERCIAL ALFA LTDA;ALFA;RECIFE/PE;VENDEDOR A;21,28,35;Boleto;UNID;28100;0,068;;1.910,80;2.006,34
NFe 1916;927;06/02/2026 10:44:56;439;FRASCO 500ML - PET :: TRANSPARENTE;COMERCIAL ALFA LTDA;ALFA;RECIFE/PE;VENDEDOR A;21,28,35;Boleto;UNID;3100;0,850;;2.635,00;2.635,00
NFe 1917;928;06/02/2026 22:59:37;97;TAMPA PCO 26MM - NORMAL :: PRETO;COMERCIAL ALFA LTDA;ALFA;RECIFE/PE;VENDEDOR A;21,28,35;Boleto;UNID;-28.100;0,068;;-1.910,80;-2.006,34
NFe 1917;928;06/02/2026 22:59:37;439;FRASCO 500ML - PET :: TRANSPARENTE;COMERCIAL ALFA LTDA;ALFA;RECIFE/PE;VENDEDOR A;21,28,35;Boleto;UNID;-3.100;0,850;;-2.635,00;-2.635,00
NFe 1918;929;07/02/2026 01:47:38;443;TAMPA PCO 38MM COM LACRE - NORMAL :: BRANCO;COMERCIAL ALFA LTDA;ALFA;RECIFE/PE;VENDEDOR A;21,28,35;Boleto;UNID;24700;0,110;;2.717,00;2.852,85
NFe 1918;929;07/02/2026 01:47:38;97;TAMPA PCO 26MM - NORMAL :: PRETO;COMERCIAL ALFA LTDA;ALFA;RECIFE/PE;VENDEDOR A;21,28,35;Boleto;UNID;34700;0,068;;2.359,60;2.477,58
NFe 1918;929;07/02/2026 01:47:38;439;FRASCO 500ML - PET :: TRANSPARENTE;COMERCIAL ALFA LTDA;ALFA;RECIFE/PE;VENDEDOR A;21,28,35;Boleto;UNID;6300;0,850;;5.355,00;5.355,00
NFe 1919;930;07/02/2026 21:01:07;97;TAMPA PCO 26MM - NORMAL :: PRETO;EMBALAGENS DELTA ME;DELTA;JABOATAO/PE;VENDEDOR B;21,28,35;Boleto;UNID;6000;0,068;;408,00;428,40
NFe 1919;930;07/02/2026 21:01:07;212;DOSADORA R2 28/43 - PADRAO :: AZUL;EMBALAGENS DELTA ME;DELTA;JABOATAO/PE;VENDEDOR B;21,28,35;Boleto;UNID;30100;0,250;;7.525,00;7.901,25
NFe 1919;930;07/02/2026 21:01:07;443;TAMPA PCO 38MM COM LACRE - NORMAL :: BRANCO;EMBALAGENS DELTA ME;DELTA;JABOATAO/PE;VENDEDOR B;21,28,35;Boleto;UNID;1800;0,110;;198,00;207,90
NFe 1920;931;08/02/2026 07:37:50;97;TAMPA PCO 26MM - NORMAL :: PRETO;COMERCIAL ALFA LTDA;ALFA;RECIFE/PE;VENDEDOR A;38,45,52;Boleto;UNID;30800;0,068;;2.094,40;2.199,12
NFe 1921;932;08/02/2026 15:44:34;97;TAMPA PCO 26MM - NORMAL :: PRETO;ATACADO OMEGA LTDA;OMEGA;PAULISTA/PE;VENDEDOR C;38,45,52;Boleto;UNID;18200;0,068;;1.237,60;1.299,48
NFe 1922;933;09/02/2026 10:12:16;212;DOSADORA R2 28/43 - PADRAO :: AZUL;DISTRIBUIDORA BETA S/A;BETA;OLINDA/PE;VENDEDOR B;28,35,42;Boleto;UNID;25500;0,250;;6.375,00;6.693,75
NFe 1923;934;09/02/2026 14:39:39;212;DOSADORA R2 28/43 - PADRAO :: AZUL;ATACADO OMEGA LTDA;OMEGA;PAULISTA/PE;VENDEDOR C;38,45,52;Boleto;UNID;9500;0,250;;2.375,00;2.493,75
NFe 1924;935;10/02/2026 08:20:56;212;DOSADORA R2 28/43 - PADRAO :: AZUL;ATACADO OMEGA LTDA;OMEGA;PAULISTA/PE;VENDEDOR C;28,35,42;Boleto;UNID;30800;0,250;;7.700,00;8.085,00
NFe 1924;935;10/02/2026 08:20:56;439;FRASCO 500ML - PET :: TRANSPARENTE;ATACADO OMEGA LTDA;OMEGA;PAULISTA/PE;VENDEDOR C;28,35,42;Boleto;UNID;14200;0,850;;12.070,00;12.070,00
NFe 1925;936;10/02/2026 20:15:11;212;DOSADORA R2 28/43 - PADRAO :: AZUL;COMERCIAL ALFA LTDA;ALFA;RECIFE/PE;VENDEDOR A;28,35,42;Boleto;UNID;29600;0,250;;7.400,00;7.770,00
NFe 1926;937;11/02/2026 16:57:35;212;DOSADORA R2 28/43 - PADRAO :: AZUL;DISTRIBUIDORA BETA S/A;BETA;OLINDA/PE;VENDEDOR B;28,35,42;Boleto;UNID;11300;0,250;;2.825,00;2.966,25
NFe 1927;938;12/02/2026 05:48:51;97;TAMPA PCO 26MM - NORMAL :: PRETO;ATACADO OMEGA LTDA;OMEGA;PAULISTA/PE;VENDEDOR C;38,45,52;Boleto;UNID;10200;0,068;;693,60;728,28
NFe 1927;938;12/02/2026 05:48:51;439;FRASCO 500ML - PET :: TRANSPARENTE;ATACADO OMEGA LTDA;OMEGA;PAULISTA/PE;VENDEDOR C;38,45,52;Boleto;UNID;4800;0,850;;4.080,00;4.080,00
NFe 1928;939;12/02/2026 14:35:17;212;DOSADORA R2 28/43 - PADRAO :: AZUL;EMBALAGENS DELTA ME;DELTA;JABOATAO/PE;VENDEDOR B;38,45,52;Boleto;UNID;1300;0,250;;325,00;341,25
NFe 1928;939;12/02/2026 14:35:17;443;TAMPA PCO 38MM COM LACRE - NORMAL :: BRANCO;EMBALAGENS DELTA ME;DELTA;JABOATAO/PE;VENDEDOR B;38,45,52;Boleto;UNID;5200;0,110;;572,00;600,60
NFe 1929;940;13/02/2026 00:49:42;212;DOSADORA R2 28/43 - PADRAO :: AZUL;COMERCIAL ALFA LTDA;ALFA;RECIFE/PE;VENDEDOR A;38,45,52;Boleto;UNID;27600;0,250;;6.900,00;7.245,00
NFe 1929;940;13/02/2026 00:49:42;439;FRASCO 500ML - PET :: TRANSPARENTE;COMERCIAL ALFA LTDA;ALFA;RECIFE/PE;VENDEDOR A;38,45,52;Boleto;UNID;18100;0,850;;15.385,00;15.385,00
NFe 1930;941;13/02/2026 15:37:17;439;FRASCO 500ML - PET :: TRANSPARENTE;INDUSTRIA GAMA LTDA;GAMA;CARUARU/PE;VENDEDOR B;28,35,42;Boleto;UNID;6600;0,850;;5.610,00;5.610,00
NFe 1930;941;13/02/2026 15:37:17;97;TAMPA PCO 26MM - NORMAL :: PRETO;INDUSTRIA GAMA LTDA;GAMA;CARUARU/PE;VENDEDOR B;28,35,42;Boleto;UNID;37400;0,068;;2.543,20;2.670,36
NFe 1931;942;13/02/2026 22:57:24;443;TAMPA PCO 38MM COM LACRE - NORMAL :: BRANCO;ATACADO OMEGA LTDA;OMEGA;PAULISTA/PE;VENDEDOR C;38,45,52;Boleto;UNID;11500;0,110;;1.265,00;1.328,25
NFe 1932;943;14/02/2026 15:15:10;97;TAMPA PCO 26MM - NORMAL :: PRETO;EMBALAGENS DELTA ME;DELTA;JABOATAO/PE;VENDEDOR B;38,45,52;Boleto;UNID;15600;0,068;;1.060,80;1.113,84
NFe 1932;943;14/02/2026 15:15:10;212;DOSADORA R2 28/43 - PADRAO :: AZUL;EMBALAGENS DELTA ME;DELTA;JABOATAO/PE;VENDEDOR B;38,45,52;Boleto;UNID;12100;0,250;;3.025,00;3.176,25
NFe 1933;944;15/02/2026 03:26:29;97;TAMPA PCO 26MM - NORMAL :: PRETO;EMBALAGENS DELTA ME;DELTA;JABOATAO/PE;VENDEDOR B;38,45,52;Boleto;UNID;-15.600;0,068;;-1.060,80;-1.113,84
NFe 1933;944;15/02/2026 03:26:29;212;DOSADORA R2 28/43 - PADRAO :: AZUL;EMBALAGENS DELTA ME;DELTA;JABOATAO/PE;VENDEDOR B;38,45,52;Boleto;UNID;-12.100;0,250;;-3.025,00;-3.176,25
NFe 1934;945;15/02/2026 21:34:46;97;TAMPA PCO 26MM - NORMAL :: PRETO;EMBALAGENS DELTA ME;DELTA;JABOATAO/PE;VENDEDOR B;38,45,52;Boleto;UNID;15600;0,068;;1.060,80;1.113,84
NFe 1934;945;15/02/2026 21:34:46;212;DOSADORA R2 28/43 - PADRAO :: AZUL;EMBALAGENS DELTA ME;DELTA;JABOATAO/PE;VENDEDOR B;38,45,52;Boleto;UNID;12100;0,250;;3.025,00;3.176,25
NFe 1935;946;16/02/2026 00:10:04;212;DOSADORA R2 28/43 - PADRAO :: AZUL;INDUSTRIA GAMA LTDA;GAMA;CARUARU/PE;VENDEDOR B;21,28,35;Boleto;UNID;29800;0,250;;7.450,00;7.822,50
NFe 1935;946;16/02/2026 00:10:04;97;TAMPA PCO 26MM - NORMAL :: PRETO;INDUSTRIA GAMA LTDA;GAMA;CARUARU/PE;VENDEDOR B;21,28,35;Boleto;UNID;15000;0,068;;1.020,00;1.071,00
NFe 1935;946;16/02/2026 00:10:04;439;FRASCO 500ML - PET :: TRANSPARENTE;INDUSTRIA GAMA LTDA;GAMA;CARUARU/PE;VENDEDOR B;21,28,35;Boleto;UNID;24500;0,850;;20.825,00;20.825,00
NFe 1936;947;16/02/2026 16:38:25;97;TAMPA PCO 26MM - NORMAL :: PRETO;COMERCIAL ALFA LTDA;ALFA;RECIFE/PE;VENDEDOR A;28,35,42;Boleto;UNID;21000;0,068;;1.428,00;1.499,40
NFe 1937;948;17/02/2026 08:43:01;439;FRASCO 500ML - PET :: TRANSPARENTE;COMERCIAL ALFA LTDA;ALFA;RECIFE/PE;VENDEDOR A;21,28,35;Boleto;UNID;6500;0,850;;5.525,00;5.525,00
NFe 1937;948;17/02/2026 08:43:01;97;TAMPA PCO 26MM - NORMAL :: PRETO;COMERCIAL ALFA LTDA;ALFA;RECIFE/PE;VENDEDOR A;21,28,35;Boleto;UNID;29000;0,068;;1.972,00;2.070,60
NFe 1937;948;17/02/2026 08:43:01;212;DOSADORA R2 28/43 - PADRAO :: AZUL;COMERCIAL ALFA LTDA;ALFA;RECIFE/PE;VENDEDOR A;21,28,35;Boleto;UNID;39600;0,250;;9.900,00;10.395,00
NFe 1938;949;17/02/2026 23:21:39;212;DOSADORA R2 28/43 - PADRAO :: AZUL;COMERCIAL ALFA LTDA;ALFA;RECIFE/PE;VENDEDOR A;38,45,52;Boleto;UNID;15700;0,250;;3.925,00;4.121,25
NFe 1938;949;17/02/2026 23:21:39;901;TAMPA ANTIGA 28MM SEM PADRAO;COMERCIAL ALFA LTDA;ALFA;RECIFE/PE;VENDEDOR A;38,45,52;Boleto;UNID;30600;0,110;;3.366,00;3.534,30
NFe 1939;950;18/02/2026 13:41:15;443;TAMPA PCO 38MM COM LACRE - NORMAL :: BRANCO;DISTRIBUIDORA BETA S/A;BETA;OLINDA/PE;VENDEDOR B;38,45,52;Boleto;UNID;32500;0,110;;3.575,00;3.753,75
NFe 1940;951;18/02/2026 20:57:57;443;TAMPA PCO 38MM COM LACRE - NORMAL :: BRANCO;DISTRIBUIDORA BETA S/A;BETA;OLINDA/PE;VENDEDOR B;38,45,52;Boleto;UNID;-32.500;0,110;;-3.575,00;-3.753,75
NFe 1941;952;19/02/2026 05:09:32;443;TAMPA PCO 38MM COM LACRE - NORMAL :: BRANCO;DISTRIBUIDORA BETA S/A;BETA;OLINDA/PE;VENDEDOR B;38,45,52;Boleto;UNID;32500;0,110;;3.575,00;3.753,75
NFe 1942;953;19/02/2026 06:36:00;97;TAMPA PCO 26MM - NORMAL :: PRETO;INDUSTRIA GAMA LTDA;GAMA;CARUARU/PE;VENDEDOR B;28,35,42;Boleto;UNID;15200;0,068;;1.033,60;1.085,28
NFe 1942;953;19/02/2026 06:36:00;212;DOSADORA R2 28/43 - PADRAO :: AZUL;INDUSTRIA GAMA LTDA;GAMA;CARUARU/PE;VENDEDOR B;28,35,42;Boleto;UNID;36600;0,250;;9.150,00;9.607,50
NFe 1943;954;19/02/2026 17:20:55;443;TAMPA PCO 38MM COM LACRE - NORMAL :: BRANCO;INDUSTRIA GAMA LTDA;GAMA;CARUARU/PE;VENDEDOR B;28,35,42;Boleto;UNID;28300;0,110;;3.113,00;3.268,65
NFe 1943;954;19/02/2026 17:20:55;212;DOSADORA R2 28/43 - PADRAO :: AZUL;INDUSTRIA GAMA LTDA;GAMA;CARUARU/PE;VENDEDOR B;28,35,42;Boleto;UNID;12000;0,250;;3.000,00;3.150,00
NFe 1943;954;19/02/2026 17:20:55;97;TAMPA PCO 26MM - NORMAL :: PRETO;INDUSTRIA GAMA LTDA;GAMA;CARUARU/PE;VENDEDOR B;28,35,42;Boleto;UNID;33600;0,068;;2.284,80;2.399,04
NFe 1944;955;19/02/2026 23:19:12;439;FRASCO 500ML - PET :: TRANSPARENTE;COMERCIAL ALFA LTDA;ALFA;RECIFE/PE;VENDEDOR A;21,28,35;Boleto;UNID;6800;0,850;;5.780,00;5.780,00
NFe 1944;955;19/02/2026 23:19:12;443;TAMPA PCO 38MM COM LACRE - NORMAL :: BRANCO;COMERCIAL ALFA LTDA;ALFA;RECIFE/PE;VENDEDOR A;21,28,35;Boleto;UNID;24400;0,110;;2.684,00;2.818,20
NFe 1945;956;20/02/2026 10:03:37;97;TAMPA PCO 26MM - NORMAL :: PRETO;DISTRIBUIDORA BETA S/A;BETA;OLINDA/PE;VENDEDOR B;28,35,42;Boleto;UNID;2500;0,068;;170,00;178,50
NFe 1945;956;20/02/2026 10:03:37;439;FRASCO 500ML - PET :: TRANSPARENTE;DISTRIBUIDORA BETA S/A;BETA;OLINDA/PE;VENDEDOR B;28,35,42;Boleto;UNID;22600;0,850;;19.210,00;19.210,00
NFe 1946;957;20/02/2026 21:41:53;97;TAMPA PCO 26MM - NORMAL :: PRETO;DISTRIBUIDORA BETA S/A;BETA;OLINDA/PE;VENDEDOR B;28,35,42;Boleto;UNID;-2.500;0,068;;-170,00;-178,50
NFe 1946;957;20/02/2026 21:41:53;439;FRASCO 500ML - PET :: TRANSPARENTE;DISTRIBUIDORA BETA S/A;BETA;OLINDA/PE;VENDEDOR B;28,35,42;Boleto;UNID;-22.600;0,850;;-19.210,00;-19.210,00
NFe 1947;958;21/02/2026 06:25:46;439;FRASCO 500ML - PET :: TRANSPARENTE;DISTRIBUIDORA BETA S/A;BETA;OLINDA/PE;VENDEDOR B;21,28,35;Boleto;UNID;39500;0,850;;33.575,00;33.575,00
NFe 1947;958;21/02/2026 06:25:46;212;DOSADORA R2 28/43 - PADRAO :: AZUL;DISTRIBUIDORA BETA S/A;BETA;OLINDA/PE;VENDEDOR B;21,28,35;Boleto;UNID;39200;0,250;;9.800,00;10.290,00
NFe 1947;958;21/02/2026 06:25:46;97;TAMPA PCO 26MM - NORMAL :: PRETO;DISTRIBUIDORA BETA S/A;BETA;OLINDA/PE;VENDEDOR B;21,28,35;Boleto;UNID;9400;0,068;;639,20;671,16
NFe 1948;959;21/02/2026 22:59:27;212;DOSADORA R2 28/43 - PADRAO :: AZUL;COMERCIAL ALFA LTDA;ALFA;RECIFE/PE;VENDEDOR A;38,45,52;Boleto;UNID;24500;0,250;;6.125,00;6.431,25
NFe 1948;959;21/02/2026 22:59:27;97;TAMPA PCO 26MM - NORMAL :: PRETO;COMERCIAL ALFA LTDA;ALFA;RECIFE/PE;VENDEDOR A;38,45,52;Boleto;UNID;18300;0,068;;1.244,40;1.306,62
NFe 1949;960;22/02/2026 13:20:47;212;DOSADORA R2 28/43 - PADRAO :: AZUL;ATACADO OMEGA LTDA;OMEGA;PAULISTA/PE;VENDEDOR C;28,35,42;Boleto;UNID;34400;0,250;;8.600,00;9.030,00
NFe 1949;960;22/02/2026 13:20:47;443;TAMPA PCO 38MM COM LACRE - NORMAL :: BRANCO;ATACADO OMEGA LTDA;OMEGA;PAULISTA/PE;VENDEDOR C;28,35,42;Boleto;UNID;21000;0,110;;2.310,00;2.425,50
NFe 1950;961;23/02/2026 07:23:16;212;DOSADORA R2 28/43 - PADRAO :: AZUL;ATACADO OMEGA LTDA;OMEGA;PAULISTA/PE;VENDEDOR C;28,35,42;Boleto;UNID;-34.400;0,250;;-8.600,00;-9.030,00
NFe 1950;961;23/02/2026 07:23:16;443;TAMPA PCO 38MM COM LACRE - NORMAL :: BRANCO;ATACADO OMEGA LTDA;OMEGA;PAULISTA/PE;VENDEDOR C;28,35,42;Boleto;UNID;-21.000;0,110;;-2.310,00;-2.425,50
NFe 1951;962;23/02/2026 16:43:23;212;DOSADORA R2 28/43 - PADRAO :: AZUL;COMERCIAL ALFA LTDA;ALFA;RECIFE/PE;VENDEDOR A;38,45,52;Boleto;UNID;21600;0,250;;5.400,00;5.670,00
NFe 1952;963;23/02/2026 18:55:56;97;TAMPA PCO 26MM - NORMAL :: PRETO;EMBALAGENS DELTA ME;DELTA;JABOATAO/PE;VENDEDOR B;38,45,52;Boleto;UNID;14100;0,068;;958,80;1.006,74
NFe 1952;963;23/02/2026 18:55:56;212;DOSADORA R2 28/43 - PADRAO :: AZUL;EMBALAGENS DELTA ME;DELTA;JABOATAO/PE;VENDEDOR B;38,45,52;Boleto;UNID;28600;0,250;;7.150,00;7.507,50
NFe 1953;964;24/02/2026 00:55:14;443;TAMPA PCO 38MM COM LACRE - NORMAL :: BRANCO;INDUSTRIA GAMA LTDA;GAMA;CARUARU/PE;VENDEDOR B;21,28,35;Boleto;UNID;36800;0,110;;4.048,00;4.250,40
NFe 1954;965;24/02/2026 07:14:49;443;TAMPA PCO 38MM COM LACRE - NORMAL :: BRANCO;INDUSTRIA GAMA LTDA;GAMA;CARUARU/PE;VENDEDOR B;21,28,35;Boleto;UNID;-36.800;0,110;;-4.048,00;-4.250,40
NFe 1955;966;24/02/2026 21:20:03;443;TAMPA PCO 38MM COM LACRE - NORMAL :: BRANCO;ATACADO OMEGA LTDA;OMEGA;PAULISTA/PE;VENDEDOR C;28,35,42;Boleto;UNID;26000;0,110;;2.860,00;3.003,00
NFe 1956;967;25/02/2026 07:52:48;212;DOSADORA R2 28/43 - PADRAO :: AZUL;ATACADO OMEGA LTDA;OMEGA;PAULISTA/PE;VENDEDOR C;28,35,42;Boleto;UNID;28700;0,250;;7.175,00;7.533,75
NFe 1957;968;25/02/2026 13:17:00;439;FRASCO 500ML - PET :: TRANSPARENTE;DISTRIBUIDORA BETA S/A;BETA;OLINDA/PE;VENDEDOR B;21,28,35;Boleto;UNID;40000;0,850;;34.000,00;34.000,00
NFe 1958;969;26/02/2026 03:38:59;439;FRASCO 500ML - PET :: TRANSPARENTE;COMERCIAL ALFA LTDA;ALFA;RECIFE/PE;VENDEDOR A;21,28,35;Boleto;UNID;30100;0,850;;25.585,00;25.585,00
NFe 1958;969;26/02/2026 03:38:59;212;DOSADORA R2 28/43 - PADRAO :: AZUL;COMERCIAL ALFA LTDA;ALFA;RECIFE/PE;VENDEDOR A;21,28,35;Boleto;UNID;34200;0,250;;8.550,00;8.977,50
NFe 1959;970;26/02/2026 20:34:08;212;DOSADORA R2 28/43 - PADRAO :: AZUL;DISTRIBUIDORA BETA S/A;BETA;OLINDA/PE;VENDEDOR B;28,35,42;Boleto;UNID;10100;0,250;;2.525,00;2.651,25
NFe 1959;970;26/02/2026 20:34:08;443;TAMPA PCO 38MM COM LACRE - NORMAL :: BRANCO;DISTRIBUIDORA BETA S/A;BETA;OLINDA/PE;VENDEDOR B;28,35,42;Boleto;UNID;36200;0,110;;3.982,00;4.181,10
NFe 1959;970;26/02/2026 20:34:08;439;FRASCO 500ML - PET :: TRANSPARENTE;DISTRIBUIDORA BETA S/A;BETA;OLINDA/PE;VENDEDOR B;28,35,42;Boleto;UNID;12700;0,850;;10.795,00;10.795,00
NFe 1960;971;27/02/2026 15:58:22;212;DOSADORA R2 28/43 - PADRAO :: AZUL;COMERCIAL ALFA LTDA;ALFA;RECIFE/PE;VENDEDOR A;28,35,42;Boleto;UNID;20200;0,250;;5.050,00;5.302,50
NFe 1960;971;27/02/2026 15:58:22;439;FRASCO 500ML - PET :: TRANSPARENTE;COMERCIAL ALFA LTDA;ALFA;RECIFE/PE;VENDEDOR A;28,35,42;Boleto;UNID;34400;0,850;;29.240,00;29.240,00
NFe 1960;971;27/02/2026 15:58:22;443;TAMPA PCO 38MM COM LACRE - NORMAL :: BRANCO;COMERCIAL ALFA LTDA;ALFA;RECIFE/PE;VENDEDOR A;28,35,42;Boleto;UNID;33800;0,110;;3.718,00;3.903,90
NFe 1961;972;27/02/2026 21:29:24;212;DOSADORA R2 28/43 - PADRAO :: AZUL;ATACADO OMEGA LTDA;OMEGA;PAULISTA/PE;VENDEDOR C;28,35,42;Boleto;UNID;5600;0,250;;1.400,00;1.470,00
NFe 1962;973;28/02/2026 15:27:53;212;DOSADORA R2 28/43 - PADRAO :: AZUL;ATACADO OMEGA LTDA;OMEGA;PAULISTA/PE;VENDEDOR C;28,35,42;Boleto;UNID;-5.600;0,250;;-1.400,00;-1.470,00
NFe 1963;974;28/02/2026 20:54:48;439;FRASCO 500ML - PET :: TRANSPARENTE;COMERCIAL ALFA LTDA;ALFA;RECIFE/PE;VENDEDOR A;28,35,42;Boleto;UNID;35900;0,850;;30.515,00;30.515,00
NFe 1963;974;28/02/2026 20:54:48;212;DOSADORA R2 28/43 - PADRAO :: AZUL;COMERCIAL ALFA LTDA;ALFA;RECIFE/PE;VENDEDOR A;28,35,42;Boleto;UNID;20800;0,250;;5.200,00;5.460,00
NFe 1964;975;01/03/2026 00:49:09;212;DOSADORA R2 28/43 - PADRAO :: AZUL;ATACADO OMEGA LTDA;OMEGA;PAULISTA/PE;VENDEDOR C;28,35,42;Boleto;UNID;2300;0,250;;575,00;603,75
NFe 1964;975;01/03/2026 00:49:09;439;FRASCO 500ML - PET :: TRANSPARENTE;ATACADO OMEGA LTDA;OMEGA;PAULISTA/PE;VENDEDOR C;28,35,42;Boleto;UNID;32100;0,850;;27.285,00;27.285,00
NFe 1965;976;01/03/2026 04:04:49;97;TAMPA PCO 26MM - NORMAL :: PRETO;COMERCIAL ALFA LTDA;ALFA;RECIFE/PE;VENDEDOR A;21,28,35;Boleto;UNID;39400;0,068;;2.679,20;2.813,16
NFe 1965;976;01/03/2026 04:04:49;443;TAMPA PCO 38MM COM LACRE - NORMAL :: BRANCO;COMERCIAL ALFA LTDA;ALFA;RECIFE/PE;VENDEDOR A;21,28,35;Boleto;UNID;32900;0,110;;3.619,00;3.799,95
NFe 1965;976;01/03/2026 04:04:49;212;DOSADORA R2 28/43 - PADRAO :: AZUL;COMERCIAL ALFA LTDA;ALFA;RECIFE/PE;VENDEDOR A;21,28,35;Boleto;UNID;36500;0,250;;9.125,00;9.581,25
NFe 1966;977;01/03/2026 08:32:59;97;TAMPA PCO 26MM - NORMAL :: PRETO;ATACADO OMEGA LTDA;OMEGA;PAULISTA/PE;VENDEDOR C;21,28,35;Boleto;UNID;18800;0,068;;1.278,40;1.342,32
NFe 1966;977;01/03/2026 08:32:59;443;TAMPA PCO 38MM COM LACRE - NORMAL :: BRANCO;ATACADO OMEGA LTDA;OMEGA;PAULISTA/PE;VENDEDOR C;21,28,35;Boleto;UNID;19600;0,110;;2.156,00;2.263,80
NFe 1967;978;01/03/2026 22:42:14;443;TAMPA PCO 38MM COM LACRE - NORMAL :: BRANCO;DISTRIBUIDORA BETA S/A;BETA;OLINDA/PE;VENDEDOR B;21,28,35;Boleto;UNID;4500;0,110;;495,00;519,75
NFe 1968;979;02/03/2026 19:37:38;443;TAMPA PCO 38MM COM LACRE - NORMAL :: BRANCO;COMERCIAL ALFA LTDA;ALFA;RECIFE/PE;VENDEDOR A;38,45,52;Boleto;UNID;24100;0,110;;2.651,00;2.783,55
NFe 1969;980;03/03/2026 05:06:54;443;TAMPA PCO 38MM COM LACRE - NORMAL :: BRANCO;ATACADO OMEGA LTDA;OMEGA;PAULISTA/PE;VENDEDOR C;28,35,42;Boleto;UNID;23100;0,110;;2.541,00;2.668,05
NFe 1969;980;03/03/2026 05:06:54;97;TAMPA PCO 26MM - NORMAL :: PRETO;ATACADO OMEGA LTDA;OMEGA;PAULISTA/PE;VENDEDOR C;28,35,42;Boleto;UNID;18100;0,068;;1.230,80;1.292,34
NFe 1970;981;04/03/2026 00:26:34;443;TAMPA PCO 38MM COM LACRE - NORMAL :: BRANCO;INDUSTRIA GAMA LTDA;GAMA;CARUARU/PE;VENDEDOR B;28,35,42;Boleto;UNID;25200;0,110;;2.772,00;2.910,60
NFe 1970;981;04/03/2026 00:26:34;212;DOSADORA R2 28/43 - PADRAO :: AZUL;INDUSTRIA GAMA LTDA;GAMA;CARUARU/PE;VENDEDOR B;28,35,42;Boleto;UNID;5900;0,250;;1.475,00;1.548,75
NFe 1971;982;04/03/2026 08:51:10;97;TAMPA PCO 26MM - NORMAL :: PRETO;COMERCIAL ALFA LTDA;ALFA;RECIFE/PE;VENDEDOR A;38,45,52;Boleto;UNID;20700;0,068;;1.407,60;1.477,98
NFe 1971;982;04/03/2026 08:51:10;439;FRASCO 500ML - PET :: TRANSPARENTE;COMERCIAL ALFA LTDA;ALFA;RECIFE/PE;VENDEDOR A;38,45,52;Boleto;UNID;14500;0,850;;12.325,00;12.325,00
NFe 1972;983;04/03/2026 10:28:05;212;DOSADORA R2 28/43 - PADRAO :: AZUL;EMBALAGENS DELTA ME;DELTA;JABOATAO/PE;VENDEDOR B;21,28,35;Boleto;UNID;31500;0,250;;7.875,00;8.268,75
NFe 1972;983;04/03/2026 10:28:05;443;TAMPA PCO 38MM COM LACRE - NORMAL :: BRANCO;EMBALAGENS DELTA ME;DELTA;JABOATAO/PE;VENDEDOR B;21,28,35;Boleto;UNID;18500;0,110;;2.035,00;2.136,75
NFe 1972;983;04/03/2026 10:28:05;97;TAMPA PCO 26MM - NORMAL :: PRETO;EMBALAGENS DELTA ME;DELTA;JABOATAO/PE;VENDEDOR B;21,28,35;Boleto;UNID;11700;0,068;;795,60;835,38
NFe 1973;984;04/03/2026 18:07:21;443;TAMPA PCO 38MM COM LACRE - NORMAL :: BRANCO;INDUSTRIA GAMA LTDA;GAMA;CARUARU/PE;VENDEDOR B;38,45,52;Boleto;UNID;32600;0,110;;3.586,00;3.765,30
NFe 1973;984;04/03/2026 18:07:21;439;FRASCO 500ML - PET :: TRANSPARENTE;INDUSTRIA GAMA LTDA;GAMA;CARUARU/PE;VENDEDOR B;38,45,52;Boleto;UNID;33500;0,850;;28.475,00;28.475,00
NFe 1973;984;04/03/2026 18:07:21;97;TAMPA PCO 26MM - NORMAL :: PRETO;INDUSTRIA GAMA LTDA;GAMA;CARUARU/PE;VENDEDOR B;38,45,52;Boleto;UNID;2500;0,068;;170,00;178,50
NFe 1974;985;05/03/2026 04:57:49;443;TAMPA PCO 38MM COM LACRE - NORMAL :: BRANCO;INDUSTRIA GAMA LTDA;GAMA;CARUARU/PE;VENDEDOR B;38,45,52;Boleto;UNID;-32.600;0,110;;-3.586,00;-3.765,30
NFe 1974;985;05/03/2026 04:57:49;439;FRASCO 500ML - PET :: TRANSPARENTE;INDUSTRIA GAMA LTDA;GAMA;CARUARU/PE;VENDEDOR B;38,45,52;Boleto;UNID;-33.500;0,850;;-28.475,00;-28.475,00
NFe 1974;985;05/03/2026 04:57:49;97;TAMPA PCO 26MM - NORMAL :: PRETO;INDUSTRIA GAMA LTDA;GAMA;CARUARU/PE;VENDEDOR B;38,45,52;Boleto;UNID;-2.500;0,068;;-170,00;-178,50
NFe 1975;986;05/03/2026 17:43:57;443;TAMPA PCO 38MM COM LACRE - NORMAL :: BRANCO;INDUSTRIA GAMA LTDA;GAMA;CARUARU/PE;VENDEDOR B;38,45,52;Boleto;UNID;32600;0,110;;3.586,00;3.765,30
NFe 1975;986;05/03/2026 17:43:57;439;FRASCO 500ML - PET :: TRANSPARENTE;INDUSTRIA GAMA LTDA;GAMA;CARUARU/PE;VENDEDOR B;38,45,52;Boleto;UNID;33500;0,850;;28.475,00;28.475,00
NFe 1975;986;05/03/2026 17:43:57;97;TAMPA PCO 26MM - NORMAL :: PRETO;INDUSTRIA GAMA LTDA;GAMA;CARUARU/PE;VENDEDOR B;38,45,52;Boleto;UNID;2500;0,068;;170,00;178,50
NFe 1976;987;06/03/2026 04:04:44;439;FRASCO 500ML - PET :: TRANSPARENTE;COMERCIAL ALFA LTDA;ALFA;RECIFE/PE;VENDEDOR A;21,28,35;Boleto;UNID;27600;0,850;;23.460,00;23.460,00
NFe 1977;988;06/03/2026 22:03:01;439;FRASCO 500ML - PET :: TRANSPARENTE;COMERCIAL ALFA LTDA;ALFA;RECIFE/PE;VENDEDOR A;28,35,42;Boleto;UNID;24400;0,850;;20.740,00;20.740,00
NFe 1977;988;06/03/2026 22:03:01;97;TAMPA PCO 26MM - NORMAL :: PRETO;COMERCIAL ALFA LTDA;ALFA;RECIFE/PE;VENDEDOR A;28,35,42;Boleto;UNID;4300;0,068;;292,40;307,02
NFe 1978;989;07/03/2026 03:51:15;439;FRASCO 500ML - PET :: TRANSPARENTE;INDUSTRIA GAMA LTDA;GAMA;CARUARU/PE;VENDEDOR B;28,35,42;Boleto;UNID;1200;0,850;;1.020,00;1.020,00
NFe 1978;989;07/03/2026 03:51:15;97;TAMPA PCO 26MM - NORMAL :: PRETO;INDUSTRIA GAMA LTDA;GAMA;CARUARU/PE;VENDEDOR B;28,35,42;Boleto;UNID;14000;0,068;;952,00;999,60
NFe 1978;989;07/03/2026 03:51:15;443;TAMPA PCO 38MM COM LACRE - NORMAL :: BRANCO;INDUSTRIA GAMA LTDA;GAMA;CARUARU/PE;VENDEDOR B;28,35,42;Boleto;UNID;27900;0,110;;3.069,00;3.222,45
NFe 1979;990;07/03/2026 08:20:38;439;FRASCO 500ML - PET :: TRANSPARENTE;INDUSTRIA GAMA LTDA;GAMA;CARUARU/PE;VENDEDOR B;38,45,52;Boleto;UNID;35000;0,850;;29.750,00;29.750,00
NFe 1979;990;07/03/2026 08:20:38;97;TAMPA PCO 26MM - NORMAL :: PRETO;INDUSTRIA GAMA LTDA;GAMA;CARUARU/PE;VENDEDOR B;38,45,52;Boleto;UNID;12400;0,068;;843,20;885,36
NFe 1980;991;08/03/2026 00:22:17;97;TAMPA PCO 26MM - NORMAL :: PRETO;DISTRIBUIDORA BETA S/A;BETA;OLINDA/PE;VENDEDOR B;38,45,52;Boleto;UNID;33000;0,068;;2.244,00;2.356,20
NFe 1981;992;08/03/2026 16:21:01;97;TAMPA PCO 26MM - NORMAL :: PRETO;COMERCIAL ALFA LTDA;ALFA;RECIFE/PE;VENDEDOR A;21,28,35;Boleto;UNID;16000;0,068;;1.088,00;1.142,40
NFe 1982;993;09/03/2026 08:28:07;439;FRASCO 500ML - PET :: TRANSPARENTE;DISTRIBUIDORA BETA S/A;BETA;OLINDA/PE;VENDEDOR B;28,35,42;Boleto;UNID;38500;0,850;;32.725,00;32.725,00
NFe 1982;993;09/03/2026 08:28:07;212;DOSADORA R2 28/43 - PADRAO :: AZUL;DISTRIBUIDORA BETA S/A;BETA;OLINDA/PE;VENDEDOR B;28,35,42;Boleto;UNID;36100;0,250;;9.025,00;9.476,25
NFe 1983;994;10/03/2026 02:54:44;97;TAMPA PCO 26MM - NORMAL :: PRETO;COMERCIAL ALFA LTDA;ALFA;RECIFE/PE;VENDEDOR A;28,35,42;Boleto;UNID;14800;0,068;;1.006,40;1.056,72
NFe 1983;994;10/03/2026 02:54:44;443;TAMPA PCO 38MM COM LACRE - NORMAL :: BRANCO;COMERCIAL ALFA LTDA;ALFA;RECIFE/PE;VENDEDOR A;28,35,42;Boleto;UNID;2100;0,110;;231,00;242,55
NFe 1983;994;10/03/2026 02:54:44;439;FRASCO 500ML - PET :: TRANSPARENTE;COMERCIAL ALFA LTDA;ALFA;RECIFE/PE;VENDEDOR A;28,35,42;Boleto;UNID;35800;0,850;;30.430,00;30.430,00
NFe 1984;995;10/03/2026 15:08:12;439;FRASCO 500ML - PET :: TRANSPARENTE;COMERCIAL ALFA LTDA;ALFA;RECIFE/PE;VENDEDOR A;28,35,42;Boleto;UNID;28300;0,850;;24.055,00;24.055,00
NFe 1985;996;11/03/2026 03:11:37;443;TAMPA PCO 38MM COM LACRE - NORMAL :: BRANCO;ATACADO OMEGA LTDA;OMEGA;PAULISTA/PE;VENDEDOR C;28,35,42;Boleto;UNID;33300;0,110;;3.663,00;3.846,15
NFe 1986;997;11/03/2026 23:12:40;443;TAMPA PCO 38MM COM LACRE - NORMAL :: BRANCO;COMERCIAL ALFA LTDA;ALFA;RECIFE/PE;VENDEDOR A;21,28,35;Boleto;UNID;30500;0,110;;3.355,00;3.522,75
NFe 1986;997;11/03/2026 23:12:40;97;TAMPA PCO 26MM - NORMAL :: PRETO;COMERCIAL ALFA LTDA;ALFA;RECIFE/PE;VENDEDOR A;21,28,35;Boleto;UNID;11500;0,068;;782,00;821,10
NFe 1986;997;11/03/2026 23:12:40;901;TAMPA ANTIGA 28MM SEM PADRAO;COMERCIAL ALFA LTDA;ALFA;RECIFE/PE;VENDEDOR A;21,28,35;Boleto;UNID;12400;0,850;;10.540,00;10.540,00
NFe 1987;998;12/03/2026 11:01:49;443;TAMPA PCO 38MM COM LACRE - NORMAL :: BRANCO;DISTRIBUIDORA BETA S/A;BETA;OLINDA/PE;VENDEDOR B;28,35,42;Boleto;UNID;28100;0,110;;3.091,00;3.245,55
NFe 1988;999;12/03/2026 20:53:00;439;FRASCO 500ML - PET :: TRANSPARENTE;ATACADO OMEGA LTDA;OMEGA;PAULISTA/PE;VENDEDOR C;21,28,35;Boleto;UNID;12600;0,850;;10.710,00;10.710,00
NFe 1989;1000;13/03/2026 16:13:01;97;TAMPA PCO 26MM - NORMAL :: PRETO;COMERCIAL ALFA LTDA;ALFA;RECIFE/PE;VENDEDOR A;38,45,52;Boleto;UNID;3700;0,068;;251,60;264,18
NFe 1989;1000;13/03/2026 16:13:01;439;FRASCO 500ML - PET :: TRANSPARENTE;COMERCIAL ALFA LTDA;ALFA;RECIFE/PE;VENDEDOR A;38,45,52;Boleto;UNID;24800;0,850;;21.080,00;21.080,00
NFe 1990;1001;14/03/2026 08:02:24;97;TAMPA PCO 26MM - NORMAL :: PRETO;COMERCIAL ALFA LTDA;ALFA;RECIFE/PE;VENDEDOR A;38,45,52;Boleto;UNID;37700;0,068;;2.563,60;2.691,78
NFe 1991;1002;15/03/2026 01:21:53;212;DOSADORA R2 28/43 - PADRAO :: AZUL;COMERCIAL ALFA LTDA;ALFA;RECIFE/PE;VENDEDOR A;28,35,42;Boleto;UNID;6000;0,250;;1.500,00;1.575,00
NFe 1991;1002;15/03/2026 01:21:53;439;FRASCO 500ML - PET :: TRANSPARENTE;COMERCIAL ALFA LTDA;ALFA;RECIFE/PE;VENDEDOR A;28,35,42;Boleto;UNID;25600;0,850;;21.760,00;21.760,00
NFe 1992;1003;15/03/2026 16:26:50;212;DOSADORA R2 28/43 - PADRAO :: AZUL;COMERCIAL ALFA LTDA;ALFA;RECIFE/PE;VENDEDOR A;28,35,42;Boleto;UNID;-6.000;0,250;;-1.500,00;-1.575,00
NFe 1992;1003;15/03/2026 16:26:50;439;FRASCO 500ML - PET :: TRANSPARENTE;COMERCIAL ALFA LTDA;ALFA;RECIFE/PE;VENDEDOR A;28,35,42;Boleto;UNID;-25.600;0,850;;-21.760,00;-21.760,00
NFe 1993;1004;16/03/2026 12:35:54;212;DOSADORA R2 28/43 - PADRAO :: AZUL;COMERCIAL ALFA LTDA;ALFA;RECIFE/PE;VENDEDOR A;28,35,42;Boleto;UNID;6000;0,250;;1.500,00;1.575,00
NFe 1993;1004;16/03/2026 12:35:54;439;FRASCO 500ML - PET :: TRANSPARENTE;COMERCIAL ALFA LTDA;ALFA;RECIFE/PE;VENDEDOR A;28,35,42;Boleto;UNID;25600;0,850;;21.760,00;21.760,00
NFe 1994;1005;17/03/2026 09:16:31;439;FRASCO 500ML - PET :: TRANSPARENTE;DISTRIBUIDORA BETA S/A;BETA;OLINDA/PE;VENDEDOR B;28,35,42;Boleto;UNID;26300;0,850;;22.355,00;22.355,00
NFe 1994;1005;17/03/2026 09:16:31;443;TAMPA PCO 38MM COM LACRE - NORMAL :: BRANCO;DISTRIBUIDORA BETA S/A;BETA;OLINDA/PE;VENDEDOR B;28,35,42;Boleto;UNID;31400;0,110;;3.454,00;3.626,70
NFe 1995;1006;17/03/2026 23:23:21;443;TAMPA PCO 38MM COM LACRE - NORMAL :: BRANCO;ATACADO OMEGA LTDA;OMEGA;PAULISTA/PE;VENDEDOR C;38,45,52;Boleto;UNID;12100;0,110;;1.331,00;1.397,55
NFe 1995;1006;17/03/2026 23:23:21;212;DOSADORA R2 28/43 - PADRAO :: AZUL;ATACADO OMEGA LTDA;OMEGA;PAULISTA/PE;VENDEDOR C;38,45,52;Boleto;UNID;21600;0,250;;5.400,00;5.670,00
NFe 1995;1006;17/03/2026 23:23:21;439;FRASCO 500ML - PET :: TRANSPARENTE;ATACADO OMEGA LTDA;OMEGA;PAULISTA/PE;VENDEDOR C;38,45,52;Boleto;UNID;17800;0,850;;15.130,00;15.130,00
NFe 1996;1007;18/03/2026 14:48:47;439;FRASCO 500ML - PET :: TRANSPARENTE;COMERCIAL ALFA LTDA;ALFA;RECIFE/PE;VENDEDOR A;28,35,42;Boleto;UNID;35600;0,850;;30.260,00;30.260,00
NFe 1996;1007;18/03/2026 14:48:47;443;TAMPA PCO 38MM COM LACRE - NORMAL :: BRANCO;COMERCIAL ALFA LTDA;ALFA;RECIFE/PE;VENDEDOR A;28,35,42;Boleto;UNID;24700;0,110;;2.717,00;2.852,85
NFe 1996;1007;18/03/2026 14:48:47;97;TAMPA PCO 26MM - NORMAL :: PRETO;COMERCIAL ALFA LTDA;ALFA;RECIFE/PE;VENDEDOR A;28,35,42;Boleto;UNID;3900;0,068;;265,20;278,46
NFe 1997;1008;18/03/2026 18:41:52;439;FRASCO 500ML - PET :: TRANSPARENTE;COMERCIAL ALFA LTDA;ALFA;RECIFE/PE;VENDEDOR A;28,35,42;Boleto;UNID;-35.600;0,850;;-30.260,00;-30.260,00
NFe 1997;1008;18/03/2026 18:41:52;443;TAMPA PCO 38MM COM LACRE - NORMAL :: BRANCO;COMERCIAL ALFA LTDA;ALFA;RECIFE/PE;VENDEDOR A;28,35,42;Boleto;UNID;-24.700;0,110;;-2.717,00;-2.852,85
NFe 1997;1008;18/03/2026 18:41:52;97;TAMPA PCO 26MM - NORMAL :: PRETO;COMERCIAL ALFA LTDA;ALFA;RECIFE/PE;VENDEDOR A;28,35,42;Boleto;UNID;-3.900;0,068;;-265,20;-278,46
NFe 1998;1009;18/03/2026 23:29:39;439;FRASCO 500ML - PET :: TRANSPARENTE;COMERCIAL ALFA LTDA;ALFA;RECIFE/PE;VENDEDOR A;28,35,42;Boleto;UNID;35600;0,850;;30.260,00;30.260,00
NFe 1998;1009;18/03/2026 23:29:39;443;TAMPA PCO 38MM COM LACRE - NORMAL :: BRANCO;COMERCIAL ALFA LTDA;ALFA;RECIFE/PE;VENDEDOR A;28,35,42;Boleto;UNID;24700;0,110;;2.717,00;2.852,85
NFe 1998;1009;18/03/2026 23:29:39;97;TAMPA PCO 26MM - NORMAL :: PRETO;COMERCIAL ALFA LTDA;ALFA;RECIFE/PE;VENDEDOR A;28,35,42;Boleto;UNID;3900;0,068;;265,20;278,46
NFe 1999;1010;19/03/2026 05:04:42;439;FRASCO 500ML - PET :: TRANSPARENTE;DISTRIBUIDORA BETA S/A;BETA;OLINDA/PE;VENDEDOR B;38,45,52;Boleto;UNID;21500;0,850;;18.275,00;18.275,00
NFe 1999;1010;19/03/2026 05:04:42;212;DOSADORA R2 28/43 - PADRAO :: AZUL;DISTRIBUIDORA BETA S/A;BETA;OLINDA/PE;VENDEDOR B;38,45,52;Boleto;UNID;18600;0,250;;4.650,00;4.882,50
NFe 1999;1010;19/03/2026 05:04:42;97;TAMPA PCO 26MM - NORMAL :: PRETO;DISTRIBUIDORA BETA S/A;BETA;OLINDA/PE;VENDEDOR B;38,45,52;Boleto;UNID;34500;0,068;;2.346,00;2.463,30
NFe 2000;1011;19/03/2026 20:00:40;439;FRASCO 500ML - PET :: TRANSPARENTE;ATACADO OMEGA LTDA;OMEGA;PAULISTA/PE;VENDEDOR C;38,45,52;Boleto;UNID;30000;0,850;;25.500,00;25.500,00
NFe 2000;1011;19/03/2026 20:00:40;97;TAMPA PCO 26MM - NORMAL :: PRETO;ATACADO OMEGA LTDA;OMEGA;PAULISTA/PE;VENDEDOR C;38,45,52;Boleto;UNID;26400;0,068;;1.795,20;1.884,96
NFe 2001;1012;20/03/2026 03:10:22;439;FRASCO 500ML - PET :: TRANSPARENTE;ATACADO OMEGA LTDA;OMEGA;PAULISTA/PE;VENDEDOR C;28,35,42;Boleto;UNID;29800;0,850;;25.330,00;25.330,00
NFe 2001;1012;20/03/2026 03:10:22;97;TAMPA PCO 26MM - NORMAL :: PRETO;ATACADO OMEGA LTDA;OMEGA;PAULISTA/PE;VENDEDOR C;28,35,42;Boleto;UNID;12000;0,068;;816,00;856,80
NFe 2001;1012;20/03/2026 03:10:22;443;TAMPA PCO 38MM COM LACRE - NORMAL :: BRANCO;ATACADO OMEGA LTDA;OMEGA;PAULISTA/PE;VENDEDOR C;28,35,42;Boleto;UNID;22400;0,110;;2.464,00;2.587,20
NFe 2002;1013;20/03/2026 22:00:14;439;FRASCO 500ML - PET :: TRANSPARENTE;INDUSTRIA GAMA LTDA;GAMA;CARUARU/PE;VENDEDOR B;38,45,52;Boleto;UNID;1900;0,850;;1.615,00;1.615,00
NFe 2003;1014;21/03/2026 04:17:58;443;TAMPA PCO 38MM COM LACRE - NORMAL :: BRANCO;ATACADO OMEGA LTDA;OMEGA;PAULISTA/PE;VENDEDOR C;28,35,42;Boleto;UNID;7800;0,110;;858,00;900,90
NFe 2004;1015;22/03/2026 00:00:23;443;TAMPA PCO 38MM COM LACRE - NORMAL :: BRANCO;ATACADO OMEGA LTDA;OMEGA;PAULISTA/PE;VENDEDOR C;28,35,42;Boleto;UNID;-7.800;0,110;;-858,00;-900,90
NFe 2005;1016;22/03/2026 01:06:10;443;TAMPA PCO 38MM COM LACRE - NORMAL :: BRANCO;COMERCIAL ALFA LTDA;ALFA;RECIFE/PE;VENDEDOR A;28,35,42;Boleto;UNID;16400;0,110;;1.804,00;1.894,20
NFe 2005;1016;22/03/2026 01:06:10;212;DOSADORA R2 28/43 - PADRAO :: AZUL;COMERCIAL ALFA LTDA;ALFA;RECIFE/PE;VENDEDOR A;28,35,42;Boleto;UNID;37400;0,250;;9.350,00;9.817,50
NFe 2006;1017;22/03/2026 12:55:46;97;TAMPA PCO 26MM - NORMAL :: PRETO;ATACADO OMEGA LTDA;OMEGA;PAULISTA/PE;VENDEDOR C;21,28,35;Boleto;UNID;35000;0,068;;2.380,00;2.499,00
NFe 2007;1018;22/03/2026 16:13:14;439;FRASCO 500ML - PET :: TRANSPARENTE;DISTRIBUIDORA BETA S/A;BETA;OLINDA/PE;VENDEDOR B;28,35,42;Boleto;UNID;39100;0,850;;33.235,00;33.235,00
NFe 2007;1018;22/03/2026 16:13:14;97;TAMPA PCO 26MM - NORMAL :: PRETO;DISTRIBUIDORA BETA S/A;BETA;OLINDA/PE;VENDEDOR B;28,35,42;Boleto;UNID;26700;0,068;;1.815,60;1.906,38
NFe 2008;1019;22/03/2026 20:35:41;439;FRASCO 500ML - PET :: TRANSPARENTE;INDUSTRIA GAMA LTDA;GAMA;CARUARU/PE;VENDEDOR B;38,45,52;Boleto;UNID;11700;0,850;;9.945,00;9.945,00
NFe 2008;1019;22/03/2026 20:35:41;97;TAMPA PCO 26MM - NORMAL :: PRETO;INDUSTRIA GAMA LTDA;GAMA;CARUARU/PE;VENDEDOR B;38,45,52;Boleto;UNID;20700;0,068;;1.407,60;1.477,98
NFe 2009;1020;23/03/2026 16:38:41;439;FRASCO 500ML - PET :: TRANSPARENTE;ATACADO OMEGA LTDA;OMEGA;PAULISTA/PE;VENDEDOR C;21,28,35;Boleto;UNID;6600;0,850;;5.610,00;5.610,00
NFe 2009;1020;23/03/2026 16:38:41;443;TAMPA PCO 38MM COM LACRE - NORMAL :: BRANCO;ATACADO OMEGA LTDA;OMEGA;PAULISTA/PE;VENDEDOR C;21,28,35;Boleto;UNID;800;0,110;;88,00;92,40
NFe 2010;1021;24/03/2026 09:26:08;439;FRASCO 500ML - PET :: TRANSPARENTE;COMERCIAL ALFA LTDA;ALFA;RECIFE/PE;VENDEDOR A;38,45,52;Boleto;UNID;4100;0,850;;3.485,00;3.485,00
NFe 2011;1022;24/03/2026 23:21:55;439;FRASCO 500ML - PET :: TRANSPARENTE;COMERCIAL ALFA LTDA;ALFA;RECIFE/PE;VENDEDOR A;38,45,52;Boleto;UNID;-4.100;0,850;;-3.485,00;-3.485,00
NFe 2012;1023;25/03/2026 00:51:53;439;FRASCO 500ML - PET :: TRANSPARENTE;COMERCIAL ALFA LTDA;ALFA;RECIFE/PE;VENDEDOR A;38,45,52;Boleto;UNID;4100;0,850;;3.485,00;3.485,00
NFe 2013;1024;25/03/2026 12:28:20;212;DOSADORA R2 28/43 - PADRAO :: AZUL;DISTRIBUIDORA BETA S/A;BETA;OLINDA/PE;VENDEDOR B;38,45,52;Boleto;UNID;21200;0,250;;5.300,00;5.565,00
NFe 2013;1024;25/03/2026 12:28:20;443;TAMPA PCO 38MM COM LACRE - NORMAL :: BRANCO;DISTRIBUIDORA BETA S/A;BETA;OLINDA/PE;VENDEDOR B;38,45,52;Boleto;UNID;1500;0,110;;165,00;173,25
NFe 2013;1024;25/03/2026 12:28:20;97;TAMPA PCO 26MM - NORMAL :: PRETO;DISTRIBUIDORA BETA S/A;BETA;OLINDA/PE;VENDEDOR B;38,45,52;Boleto;UNID;17100;0,068;;1.162,80;1.220,94
NFe 2014;1025;25/03/2026 19:19:59;212;DOSADORA R2 28/43 - PADRAO :: AZUL;INDUSTRIA GAMA LTDA;GAMA;CARUARU/PE;VENDEDOR B;28,35,42;Boleto;UNID;5900;0,250;;1.475,00;1.548,75
NFe 2015;1026;26/03/2026 03:47:36;439;FRASCO 500ML - PET :: TRANSPARENTE;COMERCIAL ALFA LTDA;ALFA;RECIFE/PE;VENDEDOR A;28,35,42;Boleto;UNID;9100;0,850;;7.735,00;7.735,00
NFe 2015;1026;26/03/2026 03:47:36;97;TAMPA PCO 26MM - NORMAL :: PRETO;COMERCIAL ALFA LTDA;ALFA;RECIFE/PE;VENDEDOR A;28,35,42;Boleto;UNID;4400;0,068;;299,20;314,16
NFe 2015;1026;26/03/2026 03:47:36;443;TAMPA PCO 38MM COM LACRE - NORMAL :: BRANCO;COMERCIAL ALFA LTDA;ALFA;RECIFE/PE;VENDEDOR A;28,35,42;Boleto;UNID;26600;0,110;;2.926,00;3.072,30
NFe 2016;1027;26/03/2026 08:21:08;443;TAMPA PCO 38MM COM LACRE - NORMAL :: BRANCO;EMBALAGENS DELTA ME;DELTA;JABOATAO/PE;VENDEDOR B;28,35,42;Boleto;UNID;7900;0,110;;869,00;912,45
NFe 2016;1027;26/03/2026 08:21:08;97;TAMPA PCO 26MM - NORMAL :: PRETO;EMBALAGENS DELTA ME;DELTA;JABOATAO/PE;VENDEDOR B;28,35,42;Boleto;UNID;13600;0,068;;924,80;971,04
NFe 2016;1027;26/03/2026 08:21:08;439;FRASCO 500ML - PET :: TRANSPARENTE;EMBALAGENS DELTA ME;DELTA;JABOATAO/PE;VENDEDOR B;28,35,42;Boleto;UNID;10600;0,850;;9.010,00;9.010,00
NFe 2017;1028;26/03/2026 14:59:17;212;DOSADORA R2 28/43 - PADRAO :: AZUL;INDUSTRIA GAMA LTDA;GAMA;CARUARU/PE;VENDEDOR B;21,28,35;Boleto;UNID;35300;0,250;;8.825,00;9.266,25
NFe 2017;1028;26/03/2026 14:59:17;443;TAMPA PCO 38MM COM LACRE - NORMAL :: BRANCO;INDUSTRIA GAMA LTDA;GAMA;CARUARU/PE;VENDEDOR B;21,28,35;Boleto;UNID;29400;0,110;;3.234,00;3.395,70
NFe 2017;1028;26/03/2026 14:59:17;439;FRASCO 500ML - PET :: TRANSPARENTE;INDUSTRIA GAMA LTDA;GAMA;CARUARU/PE;VENDEDOR B;21,28,35;Boleto;UNID;33400;0,850;;28.390,00;28.390,00
NFe 2018;1029;27/03/2026 11:20:12;212;DOSADORA R2 28/43 - PADRAO :: AZUL;COMERCIAL ALFA LTDA;ALFA;RECIFE/PE;VENDEDOR A;28,35,42;Boleto;UNID;23100;0,250;;5.775,00;6.063,75
NFe 2019;1030;27/03/2026 22:10:29;212;DOSADORA R2 28/43 - PADRAO :: AZUL;COMERCIAL ALFA LTDA;ALFA;RECIFE/PE;VENDEDOR A;21,28,35;Boleto;UNID;2400;0,250;;600,00;630,00
NFe 2019;1030;27/03/2026 22:10:29;443;TAMPA PCO 38MM COM LACRE - NORMAL :: BRANCO;COMERCIAL ALFA LTDA;ALFA;RECIFE/PE;VENDEDOR A;21,28,35;Boleto;UNID;3400;0,110;;374,00;392,70
NFe 2020;1031;28/03/2026 11:03:47;212;DOSADORA R2 28/43 - PADRAO :: AZUL;COMERCIAL ALFA LTDA;ALFA;RECIFE/PE;VENDEDOR A;21,28,35;Boleto;UNID;-2.400;0,250;;-600,00;-630,00
NFe 2020;1031;28/03/2026 11:03:47;443;TAMPA PCO 38MM COM LACRE - NORMAL :: BRANCO;COMERCIAL ALFA LTDA;ALFA;RECIFE/PE;VENDEDOR A;21,28,35;Boleto;UNID;-3.400;0,110;;-374,00;-392,70
NFe 2021;1032;28/03/2026 14:43:25;97;TAMPA PCO 26MM - NORMAL :: PRETO;DISTRIBUIDORA BETA S/A;BETA;OLINDA/PE;VENDEDOR B;38,45,52;Boleto;UNID;16900;0,068;;1.149,20;1.206,66
NFe 2021;1032;28/03/2026 14:43:25;443;TAMPA PCO 38MM COM LACRE - NORMAL :: BRANCO;DISTRIBUIDORA BETA S/A;BETA;OLINDA/PE;VENDEDOR B;38,45,52;Boleto;UNID;31400;0,110;;3.454,00;3.626,70
NFe 2021;1032;28/03/2026 14:43:25;212;DOSADORA R2 28/43 - PADRAO :: AZUL;DISTRIBUIDORA BETA S/A;BETA;OLINDA/PE;VENDEDOR B;38,45,52;Boleto;UNID;24800;0,250;;6.200,00;6.510,00
NFe 2022;1033;29/03/2026 07:52:28;97;TAMPA PCO 26MM - NORMAL :: PRETO;EMBALAGENS DELTA ME;DELTA;JABOATAO/PE;VENDEDOR B;28,35,42;Boleto;UNID;2500;0,068;;170,00;178,50
NFe 2022;1033;29/03/2026 07:52:28;439;FRASCO 500ML - PET :: TRANSPARENTE;EMBALAGENS DELTA ME;DELTA;JABOATAO/PE;VENDEDOR B;28,35,42;Boleto;UNID;13100;0,850;;11.135,00;11.135,00
NFe 2022;1033;29/03/2026 07:52:28;212;DOSADORA R2 28/43 - PADRAO :: AZUL;EMBALAGENS DELTA ME;DELTA;JABOATAO/PE;VENDEDOR B;28,35,42;Boleto;UNID;36700;0,250;;9.175,00;9.633,75
NFe 2023;1034;29/03/2026 23:21:01;212;DOSADORA R2 28/43 - PADRAO :: AZUL;COMERCIAL ALFA LTDA;ALFA;RECIFE/PE;VENDEDOR A;28,35,42;Boleto;UNID;17800;0,250;;4.450,00;4.672,50
NFe 2023;1034;29/03/2026 23:21:01;443;TAMPA PCO 38MM COM LACRE - NORMAL :: BRANCO;COMERCIAL ALFA LTDA;ALFA;RECIFE/PE;VENDEDOR A;28,35,42;Boleto;UNID;35200;0,110;;3.872,00;4.065,60
NFe 2024;1035;30/03/2026 19:24:51;212;DOSADORA R2 28/43 - PADRAO :: AZUL;COMERCIAL ALFA LTDA;ALFA;RECIFE/PE;VENDEDOR A;28,35,42;Boleto;UNID;15000;0,250;;3.750,00;3.937,50
NFe 2025;1036;31/03/2026 05:11:45;97;TAMPA PCO 26MM - NORMAL :: PRETO;ATACADO OMEGA LTDA;OMEGA;PAULISTA/PE;VENDEDOR C;21,28,35;Boleto;UNID;34400;0,068;;2.339,20;2.456,16
NFe 2025;1036;31/03/2026 05:11:45;439;FRASCO 500ML - PET :: TRANSPARENTE;ATACADO OMEGA LTDA;OMEGA;PAULISTA/PE;VENDEDOR C;21,28,35;Boleto;UNID;7700;0,850;;6.545,00;6.545,00
NFe 2026;1037;31/03/2026 17:31:26;97;TAMPA PCO 26MM - NORMAL :: PRETO;COMERCIAL ALFA LTDA;ALFA;RECIFE/PE;VENDEDOR A;38,45,52;Boleto;UNID;33400;0,068;;2.271,20;2.384,76
NFe 2026;1037;31/03/2026 17:31:26;443;TAMPA PCO 38MM COM LACRE - NORMAL :: BRANCO;COMERCIAL ALFA LTDA;ALFA;RECIFE/PE;VENDEDOR A;38,45,52;Boleto;UNID;17300;0,110;;1.903,00;1.998,15
NFe 2026;1037;31/03/2026 17:31:26;439;FRASCO 500ML - PET :: TRANSPARENTE;COMERCIAL ALFA LTDA;ALFA;RECIFE/PE;VENDEDOR A;38,45,52;Boleto;UNID;7000;0,850;;5.950,00;5.950,00
NFe 2027;1038;01/04/2026 10:37:07;439;FRASCO 500ML - PET :: TRANSPARENTE;DISTRIBUIDORA BETA S/A;BETA;OLINDA/PE;VENDEDOR B;21,28,35;Boleto;UNID;11400;0,850;;9.690,00;9.690,00
NFe 2027;1038;01/04/2026 10:37:07;97;TAMPA PCO 26MM - NORMAL :: PRETO;DISTRIBUIDORA BETA S/A;BETA;OLINDA/PE;VENDEDOR B;21,28,35;Boleto;UNID;17900;0,068;;1.217,20;1.278,06
NFe 2028;1039;02/04/2026 19:26:38;439;FRASCO 500ML - PET :: TRANSPARENTE;ATACADO OMEGA LTDA;OMEGA;PAULISTA/PE;VENDEDOR C;21,28,35;Boleto;UNID;5600;0,850;;4.760,00;4.760,00
NFe 2029;1040;03/04/2026 14:16:12;439;FRASCO 500ML - PET :: TRANSPARENTE;ATACADO OMEGA LTDA;OMEGA;PAULISTA/PE;VENDEDOR C;21,28,35;Boleto;UNID;31000;0,850;;26.350,00;26.350,00
NFe 2029;1040;03/04/2026 14:16:12;212;DOSADORA R2 28/43 - PADRAO :: AZUL;ATACADO OMEGA LTDA;OMEGA;PAULISTA/PE;VENDEDOR C;21,28,35;Boleto;UNID;19700;0,250;;4.925,00;5.171,25
NFe 2029;1040;03/04/2026 14:16:12;97;TAMPA PCO 26MM - NORMAL :: PRETO;ATACADO OMEGA LTDA;OMEGA;PAULISTA/PE;VENDEDOR C;21,28,35;Boleto;UNID;8300;0,068;;564,40;592,62
NFe 2030;1041;03/04/2026 21:28:05;212;DOSADORA R2 28/43 - PADRAO :: AZUL;INDUSTRIA GAMA LTDA;GAMA;CARUARU/PE;VENDEDOR B;21,28,35;Boleto;UNID;19100;0,250;;4.775,00;5.013,75
NFe 2030;1041;03/04/2026 21:28:05;97;TAMPA PCO 26MM - NORMAL :: PRETO;INDUSTRIA GAMA LTDA;GAMA;CARUARU/PE;VENDEDOR B;21,28,35;Boleto;UNID;35100;0,068;;2.386,80;2.506,14
NFe 2030;1041;03/04/2026 21:28:05;443;TAMPA PCO 38MM COM LACRE - NORMAL :: BRANCO;INDUSTRIA GAMA LTDA;GAMA;CARUARU/PE;VENDEDOR B;21,28,35;Boleto;UNID;37300;0,110;;4.103,00;4.308,15
NFe 2031;1042;04/04/2026 06:56:44;443;TAMPA PCO 38MM COM LACRE - NORMAL :: BRANCO;EMBALAGENS DELTA ME;DELTA;JABOATAO/PE;VENDEDOR B;28,35,42;Boleto;UNID;16300;0,110;;1.793,00;1.882,65
NFe 2032;1043;05/04/2026 15:48:34;212;DOSADORA R2 28/43 - PADRAO :: AZUL;ATACADO OMEGA LTDA;OMEGA;PAULISTA/PE;VENDEDOR C;28,35,42;Boleto;UNID;20000;0,250;;5.000,00;5.250,00
NFe 2032;1043;05/04/2026 15:48:34;443;TAMPA PCO 38MM COM LACRE - NORMAL :: BRANCO;ATACADO OMEGA LTDA;OMEGA;PAULISTA/PE;VENDEDOR C;28,35,42;Boleto;UNID;26200;0,110;;2.882,00;3.026,10
NFe 2032;1043;05/04/2026 15:48:34;439;FRASCO 500ML - PET :: TRANSPARENTE;ATACADO OMEGA LTDA;OMEGA;PAULISTA/PE;VENDEDOR C;28,35,42;Boleto;UNID;27500;0,850;;23.375,00;23.375,00
NFe 2033;1044;06/04/2026 06:59:26;212;DOSADORA R2 28/43 - PADRAO :: AZUL;DISTRIBUIDORA BETA S/A;BETA;OLINDA/PE;VENDEDOR B;28,35,42;Boleto;UNID;19500;0,250;;4.875,00;5.118,75
NFe 2034;1045;07/04/2026 02:58:32;97;TAMPA PCO 26MM - NORMAL :: PRETO;DISTRIBUIDORA BETA S/A;BETA;OLINDA/PE;VENDEDOR B;21,28,35;Boleto;UNID;14400;0,068;;979,20;1.028,16
NFe 2034;1045;07/04/2026 02:58:32;901;TAMPA ANTIGA 28MM SEM PADRAO;DISTRIBUIDORA BETA S/A;BETA;OLINDA/PE;VENDEDOR B;21,28,35;Boleto;UNID;23500;0,250;;5.875,00;6.168,75
NFe 2035;1046;08/04/2026 09:30:41;439;FRASCO 500ML - PET :: TRANSPARENTE;COMERCIAL ALFA LTDA;ALFA;RECIFE/PE;VENDEDOR A;21,28,35;Boleto;UNID;21700;0,850;;18.445,00;18.445,00
NFe 2035;1046;08/04/2026 09:30:41;97;TAMPA PCO 26MM - NORMAL :: PRETO;COMERCIAL ALFA LTDA;ALFA;RECIFE/PE;VENDEDOR A;21,28,35;Boleto;UNID;3200;0,068;;217,60;228,48
NFe 2036;1047;09/04/2026 00:03:04;97;TAMPA PCO 26MM - NORMAL :: PRETO;ATACADO OMEGA LTDA;OMEGA;PAULISTA/PE;VENDEDOR C;28,35,42;Boleto;UNID;16800;0,068;;1.142,40;1.199,52
NFe 2037;1048;10/04/2026 07:09:57;97;TAMPA PCO 26MM - NORMAL :: PRETO;COMERCIAL ALFA LTDA;ALFA;RECIFE/PE;VENDEDOR A;21,28,35;Boleto;UNID;15100;0,068;;1.026,80;1.078,14
NFe 2038;1049;11/04/2026 15:03:27;212;DOSADORA R2 28/43 - PADRAO :: AZUL;COMERCIAL ALFA LTDA;ALFA;RECIFE/PE;VENDEDOR A;38,45,52;Boleto;UNID;700;0,250;;175,00;183,75
NFe 2038;1049;11/04/2026 15:03:27;439;FRASCO 500ML - PET :: TRANSPARENTE;COMERCIAL ALFA LTDA;ALFA;RECIFE/PE;VENDEDOR A;38,45,52;Boleto;UNID;4500;0,850;;3.825,00;3.825,00
NFe 2039;1050;11/04/2026 17:19:40;212;DOSADORA R2 28/43 - PADRAO :: AZUL;DISTRIBUIDORA BETA S/A;BETA;OLINDA/PE;VENDEDOR B;38,45,52;Boleto;UNID;12600;0,250;;3.150,00;3.307,50
NFe 2039;1050;11/04/2026 17:19:40;97;TAMPA PCO 26MM - NORMAL :: PRETO;DISTRIBUIDORA BETA S/A;BETA;OLINDA/PE;VENDEDOR B;38,45,52;Boleto;UNID;15900;0,068;;1.081,20;1.135,26
NFe 2039;1050;11/04/2026 17:19:40;443;TAMPA PCO 38MM COM LACRE - NORMAL :: BRANCO;DISTRIBUIDORA BETA S/A;BETA;OLINDA/PE;VENDEDOR B;38,45,52;Boleto;UNID;6700;0,110;;737,00;773,85
NFe 2040;1051;11/04/2026 20:35:06;212;DOSADORA R2 28/43 - PADRAO :: AZUL;INDUSTRIA GAMA LTDA;GAMA;CARUARU/PE;VENDEDOR B;21,28,35;Boleto;UNID;31000;0,250;;7.750,00;8.137,50
NFe 2041;1052;12/04/2026 15:36:46;212;DOSADORA R2 28/43 - PADRAO :: AZUL;COMERCIAL ALFA LTDA;ALFA;RECIFE/PE;VENDEDOR A;21,28,35;Boleto;UNID;31900;0,250;;7.975,00;8.373,75
NFe 2041;1052;12/04/2026 15:36:46;97;TAMPA PCO 26MM - NORMAL :: PRETO;COMERCIAL ALFA LTDA;ALFA;RECIFE/PE;VENDEDOR A;21,28,35;Boleto;UNID;18500;0,068;;1.258,00;1.320,90
NFe 2042;1053;13/04/2026 01:13:12;97;TAMPA PCO 26MM - NORMAL :: PRETO;INDUSTRIA GAMA LTDA;GAMA;CARUARU/PE;VENDEDOR B;38,45,52;Boleto;UNID;28300;0,068;;1.924,40;2.020,62
NFe 2042;1053;13/04/2026 01:13:12;439;FRASCO 500ML - PET :: TRANSPARENTE;INDUSTRIA GAMA LTDA;GAMA;CARUARU/PE;VENDEDOR B;38,45,52;Boleto;UNID;26400;0,850;;22.440,00;22.440,00
NFe 2043;1054;14/04/2026 04:45:47;97;TAMPA PCO 26MM - NORMAL :: PRETO;INDUSTRIA GAMA LTDA;GAMA;CARUARU/PE;VENDEDOR B;38,45,52;Boleto;UNID;-28.300;0,068;;-1.924,40;-2.020,62
NFe 2043;1054;14/04/2026 04:45:47;439;FRASCO 500ML - PET :: TRANSPARENTE;INDUSTRIA GAMA LTDA;GAMA;CARUARU/PE;VENDEDOR B;38,45,52;Boleto;UNID;-26.400;0,850;;-22.440,00;-22.440,00
NFe 2044;1055;15/04/2026 10:15:49;97;TAMPA PCO 26MM - NORMAL :: PRETO;ATACADO OMEGA LTDA;OMEGA;PAULISTA/PE;VENDEDOR C;28,35,42;Boleto;UNID;18100;0,068;;1.230,80;1.292,34
NFe 2044;1055;15/04/2026 10:15:49;443;TAMPA PCO 38MM COM LACRE - NORMAL :: BRANCO;ATACADO OMEGA LTDA;OMEGA;PAULISTA/PE;VENDEDOR C;28,35,42;Boleto;UNID;12800;0,110;;1.408,00;1.478,40
NFe 2044;1055;15/04/2026 10:15:49;212;DOSADORA R2 28/43 - PADRAO :: AZUL;ATACADO OMEGA LTDA;OMEGA;PAULISTA/PE;VENDEDOR C;28,35,42;Boleto;UNID;38000;0,250;;9.500,00;9.975,00
NFe 2045;1056;16/04/2026 09:55:55;97;TAMPA PCO 26MM - NORMAL :: PRETO;INDUSTRIA GAMA LTDA;GAMA;CARUARU/PE;VENDEDOR B;28,35,42;Boleto;UNID;18500;0,068;;1.258,00;1.320,90
NFe 2046;1057;17/04/2026 05:17:47;212;DOSADORA R2 28/43 - PADRAO :: AZUL;ATACADO OMEGA LTDA;OMEGA;PAULISTA/PE;VENDEDOR C;38,45,52;Boleto;UNID;9800;0,250;;2.450,00;2.572,50
NFe 2046;1057;17/04/2026 05:17:47;439;FRASCO 500ML - PET :: TRANSPARENTE;ATACADO OMEGA LTDA;OMEGA;PAULISTA/PE;VENDEDOR C;38,45,52;Boleto;UNID;7400;0,850;;6.290,00;6.290,00
NFe 2047;1058;17/04/2026 10:03:36;443;TAMPA PCO 38MM COM LACRE - NORMAL :: BRANCO;COMERCIAL ALFA LTDA;ALFA;RECIFE/PE;VENDEDOR A;21,28,35;Boleto;UNID;2600;0,110;;286,00;300,30
NFe 2048;1059;17/04/2026 23:02:55;439;FRASCO 500ML - PET :: TRANSPARENTE;ATACADO OMEGA LTDA;OMEGA;PAULISTA/PE;VENDEDOR C;38,45,52;Boleto;UNID;39000;0,850;;33.150,00;33.150,00
NFe 2048;1059;17/04/2026 23:02:55;97;TAMPA PCO 26MM - NORMAL :: PRETO;ATACADO OMEGA LTDA;OMEGA;PAULISTA/PE;VENDEDOR C;38,45,52;Boleto;UNID;33600;0,068;;2.284,80;2.399,04
NFe 2049;1060;18/04/2026 07:21:17;439;FRASCO 500ML - PET :: TRANSPARENTE;COMERCIAL ALFA LTDA;ALFA;RECIFE/PE;VENDEDOR A;38,45,52;Boleto;UNID;19300;0,850;;16.405,00;16.405,00
NFe 2049;1060;18/04/2026 07:21:17;97;TAMPA PCO 26MM - NORMAL :: PRETO;COMERCIAL ALFA LTDA;ALFA;RECIFE/PE;VENDEDOR A;38,45,52;Boleto;UNID;22800;0,068;;1.550,40;1.627,92
NFe 2050;1061;19/04/2026 13:47:04;212;DOSADORA R2 28/43 - PADRAO :: AZUL;ATACADO OMEGA LTDA;OMEGA;PAULISTA/PE;VENDEDOR C;28,35,42;Boleto;UNID;35900;0,250;;8.975,00;9.423,75
NFe 2051;1062;20/04/2026 07:11:03;212;DOSADORA R2 28/43 - PADRAO :: AZUL;COMERCIAL ALFA LTDA;ALFA;RECIFE/PE;VENDEDOR A;21,28,35;Boleto;UNID;31300;0,250;;7.825,00;8.216,25
NFe 2051;1062;20/04/2026 07:11:03;97;TAMPA PCO 26MM - NORMAL :: PRETO;COMERCIAL ALFA LTDA;ALFA;RECIFE/PE;VENDEDOR A;21,28,35;Boleto;UNID;9700;0,068;;659,60;692,58
NFe 2051;1062;20/04/2026 07:11:03;443;TAMPA PCO 38MM COM LACRE - NORMAL :: BRANCO;COMERCIAL ALFA LTDA;ALFA;RECIFE/PE;VENDEDOR A;21,28,35;Boleto;UNID;28400;0,110;;3.124,00;3.280,20
NFe 2052;1063;20/04/2026 18:31:09;212;DOSADORA R2 28/43 - PADRAO :: AZUL;COMERCIAL ALFA LTDA;ALFA;RECIFE/PE;VENDEDOR A;21,28,35;Boleto;UNID;-31.300;0,250;;-7.825,00;-8.216,25
NFe 2052;1063;20/04/2026 18:31:09;97;TAMPA PCO 26MM - NORMAL :: PRETO;COMERCIAL ALFA LTDA;ALFA;RECIFE/PE;VENDEDOR A;21,28,35;Boleto;UNID;-9.700;0,068;;-659,60;-692,58
NFe 2052;1063;20/04/2026 18:31:09;443;TAMPA PCO 38MM COM LACRE - NORMAL :: BRANCO;COMERCIAL ALFA LTDA;ALFA;RECIFE/PE;VENDEDOR A;21,28,35;Boleto;UNID;-28.400;0,110;;-3.124,00;-3.280,20
NFe 2053;1064;21/04/2026 17:49:28;212;DOSADORA R2 28/43 - PADRAO :: AZUL;COMERCIAL ALFA LTDA;ALFA;RECIFE/PE;VENDEDOR A;21,28,35;Boleto;UNID;31300;0,250;;7.825,00;8.216,25
NFe 2053;1064;21/04/2026 17:49:28;97;TAMPA PCO 26MM - NORMAL :: PRETO;COMERCIAL ALFA LTDA;ALFA;RECIFE/PE;VENDEDOR A;21,28,35;Boleto;UNID;9700;0,068;;659,60;692,58
NFe 2053;1064;21/04/2026 17:49:28;443;TAMPA PCO 38MM COM LACRE - NORMAL :: BRANCO;COMERCIAL ALFA LTDA;ALFA;RECIFE/PE;VENDEDOR A;21,28,35;Boleto;UNID;28400;0,110;;3.124,00;3.280,20
NFe 2054;1065;22/04/2026 18:16:38;97;TAMPA PCO 26MM - NORMAL :: PRETO;INDUSTRIA GAMA LTDA;GAMA;CARUARU/PE;VENDEDOR B;28,35,42;Boleto;UNID;18500;0,068;;1.258,00;1.320,90
NFe 2054;1065;22/04/2026 18:16:38;439;FRASCO 500ML - PET :: TRANSPARENTE;INDUSTRIA GAMA LTDA;GAMA;CARUARU/PE;VENDEDOR B;28,35,42;Boleto;UNID;31900;0,850;;27.115,00;27.115,00
NFe 2055;1066;23/04/2026 09:34:18;212;DOSADORA R2 28/43 - PADRAO :: AZUL;ATACADO OMEGA LTDA;OMEGA;PAULISTA/PE;VENDEDOR C;21,28,35;Boleto;UNID;2000;0,250;;500,00;525,00
NFe 2055;1066;23/04/2026 09:34:18;443;TAMPA PCO 38MM COM LACRE - NORMAL :: BRANCO;ATACADO OMEGA LTDA;OMEGA;PAULISTA/PE;VENDEDOR C;21,28,35;Boleto;UNID;7800;0,110;;858,00;900,90
NFe 2055;1066;23/04/2026 09:34:18;97;TAMPA PCO 26MM - NORMAL :: PRETO;ATACADO OMEGA LTDA;OMEGA;PAULISTA/PE;VENDEDOR C;21,28,35;Boleto;UNID;31600;0,068;;2.148,80;2.256,24
NFe 2056;1067;24/04/2026 09:24:46;212;DOSADORA R2 28/43 - PADRAO :: AZUL;ATACADO OMEGA LTDA;OMEGA;PAULISTA/PE;VENDEDOR C;21,28,35;Boleto;UNID;-2.000;0,250;;-500,00;-525,00
NFe 2056;1067;24/04/2026 09:24:46;443;TAMPA PCO 38MM COM LACRE - NORMAL :: BRANCO;ATACADO OMEGA LTDA;OMEGA;PAULISTA/PE;VENDEDOR C;21,28,35;Boleto;UNID;-7.800;0,110;;-858,00;-900,90
NFe 2056;1067;24/04/2026 09:24:46;97;TAMPA PCO 26MM - NORMAL :: PRETO;ATACADO OMEGA LTDA;OMEGA;PAULISTA/PE;VENDEDOR C;21,28,35;Boleto;UNID;-31.600;0,068;;-2.148,80;-2.256,24
NFe 2057;1068;24/04/2026 13:40:35;443;TAMPA PCO 38MM COM LACRE - NORMAL :: BRANCO;COMERCIAL ALFA LTDA;ALFA;RECIFE/PE;VENDEDOR A;38,45,52;Boleto;UNID;35200;0,110;;3.872,00;4.065,60
NFe 2058;1069;25/04/2026 06:03:58;439;FRASCO 500ML - PET :: TRANSPARENTE;COMERCIAL ALFA LTDA;ALFA;RECIFE/PE;VENDEDOR A;21,28,35;Boleto;UNID;33700;0,850;;28.645,00;28.645,00
NFe 2058;1069;25/04/2026 06:03:58;443;TAMPA PCO 38MM COM LACRE - NORMAL :: BRANCO;COMERCIAL ALFA LTDA;ALFA;RECIFE/PE;VENDEDOR A;21,28,35;Boleto;UNID;14700;0,110;;1.617,00;1.697,85
NFe 2058;1069;25/04/2026 06:03:58;212;DOSADORA R2 28/43 - PADRAO :: AZUL;COMERCIAL ALFA LTDA;ALFA;RECIFE/PE;VENDEDOR A;21,28,35;Boleto;UNID;13200;0,250;;3.300,00;3.465,00
NFe 2059;1070;26/04/2026 14:10:59;97;TAMPA PCO 26MM - NORMAL :: PRETO;DISTRIBUIDORA BETA S/A;BETA;OLINDA/PE;VENDEDOR B;28,35,42;Boleto;UNID;36500;0,068;;2.482,00;2.606,10
NFe 2059;1070;26/04/2026 14:10:59;443;TAMPA PCO 38MM COM LACRE - NORMAL :: BRANCO;DISTRIBUIDORA BETA S/A;BETA;OLINDA/PE;VENDEDOR B;28,35,42;Boleto;UNID;23300;0,110;;2.563,00;2.691,15
NFe 2059;1070;26/04/2026 14:10:59;439;FRASCO 500ML - PET :: TRANSPARENTE;DISTRIBUIDORA BETA S/A;BETA;OLINDA/PE;VENDEDOR B;28,35,42;Boleto;UNID;11400;0,850;;9.690,00;9.690,00
NFe 2060;1071;27/04/2026 11:29:43;97;TAMPA PCO 26MM - NORMAL :: PRETO;DISTRIBUIDORA BETA S/A;BETA;OLINDA/PE;VENDEDOR B;21,28,35;Boleto;UNID;23600;0,068;;1.604,80;1.685,04
NFe 2061;1072;27/04/2026 19:27:28;439;FRASCO 500ML - PET :: TRANSPARENTE;COMERCIAL ALFA LTDA;ALFA;RECIFE/PE;VENDEDOR A;38,45,52;Boleto;UNID;3800;0,850;;3.230,00;3.230,00
NFe 2061;1072;27/04/2026 19:27:28;212;DOSADORA R2 28/43 - PADRAO :: AZUL;COMERCIAL ALFA LTDA;ALFA;RECIFE/PE;VENDEDOR A;38,45,52;Boleto;UNID;28600;0,250;;7.150,00;7.507,50
NFe 2062;1073;28/04/2026 14:46:25;443;TAMPA PCO 38MM COM LACRE - NORMAL :: BRANCO;COMERCIAL ALFA LTDA;ALFA;RECIFE/PE;VENDEDOR A;38,45,52;Boleto;UNID;6700;0,110;;737,00;773,85
NFe 2062;1073;28/04/2026 14:46:25;212;DOSADORA R2 28/43 - PADRAO :: AZUL;COMERCIAL ALFA LTDA;ALFA;RECIFE/PE;VENDEDOR A;38,45,52;Boleto;UNID;10700;0,250;;2.675,00;2.808,75
NFe 2062;1073;28/04/2026 14:46:25;97;TAMPA PCO 26MM - NORMAL :: PRETO;COMERCIAL ALFA LTDA;ALFA;RECIFE/PE;VENDEDOR A;38,45,52;Boleto;UNID;7600;0,068;;516,80;542,64
NFe 2063;1074;29/04/2026 00:36:56;443;TAMPA PCO 38MM COM LACRE - NORMAL :: BRANCO;COMERCIAL ALFA LTDA;ALFA;RECIFE/PE;VENDEDOR A;38,45,52;Boleto;UNID;-6.700;0,110;;-737,00;-773,85
NFe 2063;1074;29/04/2026 00:36:56;212;DOSADORA R2 28/43 - PADRAO :: AZUL;COMERCIAL ALFA LTDA;ALFA;RECIFE/PE;VENDEDOR A;38,45,52;Boleto;UNID;-10.700;0,250;;-2.675,00;-2.808,75
NFe 2063;1074;29/04/2026 00:36:56;97;TAMPA PCO 26MM - NORMAL :: PRETO;COMERCIAL ALFA LTDA;ALFA;RECIFE/PE;VENDEDOR A;38,45,52;Boleto;UNID;-7.600;0,068;;-516,80;-542,64
NFe 2064;1075;29/04/2026 20:13:19;443;TAMPA PCO 38MM COM LACRE - NORMAL :: BRANCO;COMERCIAL ALFA LTDA;ALFA;RECIFE/PE;VENDEDOR A;38,45,52;Boleto;UNID;6700;0,110;;737,00;773,85
NFe 2064;1075;29/04/2026 20:13:19;212;DOSADORA R2 28/43 - PADRAO :: AZUL;COMERCIAL ALFA LTDA;ALFA;RECIFE/PE;VENDEDOR A;38,45,52;Boleto;UNID;10700;0,250;;2.675,00;2.808,75
NFe 2064;1075;29/04/2026 20:13:19;97;TAMPA PCO 26MM - NORMAL :: PRETO;COMERCIAL ALFA LTDA;ALFA;RECIFE/PE;VENDEDOR A;38,45,52;Boleto;UNID;7600;0,068;;516,80;542,64
NFe 2065;1076;30/04/2026 15:21:58;212;DOSADORA R2 28/43 - PADRAO :: AZUL;ATACADO OMEGA LTDA;OMEGA;PAULISTA/PE;VENDEDOR C;21,28,35;Boleto;UNID;37300;0,250;;9.325,00;9.791,25
NFe 2065;1076;30/04/2026 15:21:58;439;FRASCO 500ML - PET :: TRANSPARENTE;ATACADO OMEGA LTDA;OMEGA;PAULISTA/PE;VENDEDOR C;21,28,35;Boleto;UNID;25000;0,850;;21.250,00;21.250,00
NFe 2066;1077;01/05/2026 09:48:47;97;TAMPA PCO 26MM - NORMAL :: PRETO;DISTRIBUIDORA BETA S/A;BETA;OLINDA/PE;VENDEDOR B;21,28,35;Boleto;UNID;24300;0,068;;1.652,40;1.735,02
NFe 2066;1077;01/05/2026 09:48:47;443;TAMPA PCO 38MM COM LACRE - NORMAL :: BRANCO;DISTRIBUIDORA BETA S/A;BETA;OLINDA/PE;VENDEDOR B;21,28,35;Boleto;UNID;35300;0,110;;3.883,00;4.077,15
NFe 2067;1078;02/05/2026 03:10:55;443;TAMPA PCO 38MM COM LACRE - NORMAL :: BRANCO;EMBALAGENS DELTA ME;DELTA;JABOATAO/PE;VENDEDOR B;38,45,52;Boleto;UNID;26200;0,110;;2.882,00;3.026,10
NFe 2067;1078;02/05/2026 03:10:55;97;TAMPA PCO 26MM - NORMAL :: PRETO;EMBALAGENS DELTA ME;DELTA;JABOATAO/PE;VENDEDOR B;38,45,52;Boleto;UNID;3300;0,068;;224,40;235,62
NFe 2067;1078;02/05/2026 03:10:55;212;DOSADORA R2 28/43 - PADRAO :: AZUL;EMBALAGENS DELTA ME;DELTA;JABOATAO/PE;VENDEDOR B;38,45,52;Boleto;UNID;6800;0,250;;1.700,00;1.785,00
NFe 2068;1079;02/05/2026 20:20:14;439;FRASCO 500ML - PET :: TRANSPARENTE;COMERCIAL ALFA LTDA;ALFA;RECIFE/PE;VENDEDOR A;38,45,52;Boleto;UNID;27000;0,850;;22.950,00;22.950,00
NFe 2069;1080;03/05/2026 07:14:19;443;TAMPA PCO 38MM COM LACRE - NORMAL :: BRANCO;INDUSTRIA GAMA LTDA;GAMA;CARUARU/PE;VENDEDOR B;38,45,52;Boleto;UNID;16000;0,110;;1.760,00;1.848,00
NFe 2069;1080;03/05/2026 07:14:19;439;FRASCO 500ML - PET :: TRANSPARENTE;INDUSTRIA GAMA LTDA;GAMA;CARUARU/PE;VENDEDOR B;38,45,52;Boleto;UNID;31900;0,850;;27.115,00;27.115,00
NFe 2070;1081;04/05/2026 01:19:51;443;TAMPA PCO 38MM COM LACRE - NORMAL :: BRANCO;DISTRIBUIDORA BETA S/A;BETA;OLINDA/PE;VENDEDOR B;38,45,52;Boleto;UNID;34200;0,110;;3.762,00;3.950,10
NFe 2071;1082;04/05/2026 22:06:48;97;TAMPA PCO 26MM - NORMAL :: PRETO;ATACADO OMEGA LTDA;OMEGA;PAULISTA/PE;VENDEDOR C;38,45,52;Boleto;UNID;4600;0,068;;312,80;328,44
NFe 2072;1083;05/05/2026 00:48:37;97;TAMPA PCO 26MM - NORMAL :: PRETO;INDUSTRIA GAMA LTDA;GAMA;CARUARU/PE;VENDEDOR B;38,45,52;Boleto;UNID;32600;0,068;;2.216,80;2.327,64
NFe 2072;1083;05/05/2026 00:48:37;443;TAMPA PCO 38MM COM LACRE - NORMAL :: BRANCO;INDUSTRIA GAMA LTDA;GAMA;CARUARU/PE;VENDEDOR B;38,45,52;Boleto;UNID;28400;0,110;;3.124,00;3.280,20
NFe 2073;1084;05/05/2026 11:29:56;439;FRASCO 500ML - PET :: TRANSPARENTE;EMBALAGENS DELTA ME;DELTA;JABOATAO/PE;VENDEDOR B;38,45,52;Boleto;UNID;4200;0,850;;3.570,00;3.570,00
NFe 2073;1084;05/05/2026 11:29:56;443;TAMPA PCO 38MM COM LACRE - NORMAL :: BRANCO;EMBALAGENS DELTA ME;DELTA;JABOATAO/PE;VENDEDOR B;38,45,52;Boleto;UNID;35700;0,110;;3.927,00;4.123,35
NFe 2074;1085;05/05/2026 13:40:24;443;TAMPA PCO 38MM COM LACRE - NORMAL :: BRANCO;DISTRIBUIDORA BETA S/A;BETA;OLINDA/PE;VENDEDOR B;28,35,42;Boleto;UNID;38000;0,110;;4.180,00;4.389,00
NFe 2074;1085;05/05/2026 13:40:24;212;DOSADORA R2 28/43 - PADRAO :: AZUL;DISTRIBUIDORA BETA S/A;BETA;OLINDA/PE;VENDEDOR B;28,35,42;Boleto;UNID;18100;0,250;;4.525,00;4.751,25
NFe 2074;1085;05/05/2026 13:40:24;439;FRASCO 500ML - PET :: TRANSPARENTE;DISTRIBUIDORA BETA S/A;BETA;OLINDA/PE;VENDEDOR B;28,35,42;Boleto;UNID;20900;0,850;;17.765,00;17.765,00
NFe 2075;1086;05/05/2026 19:28:47;97;TAMPA PCO 26MM - NORMAL :: PRETO;COMERCIAL ALFA LTDA;ALFA;RECIFE/PE;VENDEDOR A;21,28,35;Boleto;UNID;23500;0,068;;1.598,00;1.677,90
NFe 2075;1086;05/05/2026 19:28:47;443;TAMPA PCO 38MM COM LACRE - NORMAL :: BRANCO;COMERCIAL ALFA LTDA;ALFA;RECIFE/PE;VENDEDOR A;21,28,35;Boleto;UNID;13100;0,110;;1.441,00;1.513,05
NFe 2076;1087;06/05/2026 00:34:50;443;TAMPA PCO 38MM COM LACRE - NORMAL :: BRANCO;COMERCIAL ALFA LTDA;ALFA;RECIFE/PE;VENDEDOR A;38,45,52;Boleto;UNID;17200;0,110;;1.892,00;1.986,60
NFe 2076;1087;06/05/2026 00:34:50;97;TAMPA PCO 26MM - NORMAL :: PRETO;COMERCIAL ALFA LTDA;ALFA;RECIFE/PE;VENDEDOR A;38,45,52;Boleto;UNID;30000;0,068;;2.040,00;2.142,00
NFe 2077;1088;06/05/2026 11:47:38;439;FRASCO 500ML - PET :: TRANSPARENTE;ATACADO OMEGA LTDA;OMEGA;PAULISTA/PE;VENDEDOR C;28,35,42;Boleto;UNID;1600;0,850;;1.360,00;1.360,00
NFe 2077;1088;06/05/2026 11:47:38;443;TAMPA PCO 38MM COM LACRE - NORMAL :: BRANCO;ATACADO OMEGA LTDA;OMEGA;PAULISTA/PE;VENDEDOR C;28,35,42;Boleto;UNID;5100;0,110;;561,00;589,05
NFe 2078;1089;07/05/2026 01:20:07;97;TAMPA PCO 26MM - NORMAL :: PRETO;COMERCIAL ALFA LTDA;ALFA;RECIFE/PE;VENDEDOR A;28,35,42;Boleto;UNID;14900;0,068;;1.013,20;1.063,86
NFe 2079;1090;07/05/2026 17:59:03;97;TAMPA PCO 26MM - NORMAL :: PRETO;INDUSTRIA GAMA LTDA;GAMA;CARUARU/PE;VENDEDOR B;28,35,42;Boleto;UNID;7300;0,068;;496,40;521,22
NFe 2079;1090;07/05/2026 17:59:03;212;DOSADORA R2 28/43 - PADRAO :: AZUL;INDUSTRIA GAMA LTDA;GAMA;CARUARU/PE;VENDEDOR B;28,35,42;Boleto;UNID;14000;0,250;;3.500,00;3.675,00
NFe 2079;1090;07/05/2026 17:59:03;443;TAMPA PCO 38MM COM LACRE - NORMAL :: BRANCO;INDUSTRIA GAMA LTDA;GAMA;CARUARU/PE;VENDEDOR B;28,35,42;Boleto;UNID;37700;0,110;;4.147,00;4.354,35
NFe 2080;1091;08/05/2026 06:47:28;443;TAMPA PCO 38MM COM LACRE - NORMAL :: BRANCO;COMERCIAL ALFA LTDA;ALFA;RECIFE/PE;VENDEDOR A;38,45,52;Boleto;UNID;4200;0,110;;462,00;485,10
NFe 2080;1091;08/05/2026 06:47:28;212;DOSADORA R2 28/43 - PADRAO :: AZUL;COMERCIAL ALFA LTDA;ALFA;RECIFE/PE;VENDEDOR A;38,45,52;Boleto;UNID;20200;0,250;;5.050,00;5.302,50
NFe 2080;1091;08/05/2026 06:47:28;901;TAMPA ANTIGA 28MM SEM PADRAO;COMERCIAL ALFA LTDA;ALFA;RECIFE/PE;VENDEDOR A;38,45,52;Boleto;UNID;26300;0,850;;22.355,00;22.355,00
NFe 2081;1092;08/05/2026 22:36:03;97;TAMPA PCO 26MM - NORMAL :: PRETO;ATACADO OMEGA LTDA;OMEGA;PAULISTA/PE;VENDEDOR C;38,45,52;Boleto;UNID;20600;0,068;;1.400,80;1.470,84
NFe 2081;1092;08/05/2026 22:36:03;212;DOSADORA R2 28/43 - PADRAO :: AZUL;ATACADO OMEGA LTDA;OMEGA;PAULISTA/PE;VENDEDOR C;38,45,52;Boleto;UNID;19600;0,250;;4.900,00;5.145,00
NFe 2081;1092;08/05/2026 22:36:03;439;FRASCO 500ML - PET :: TRANSPARENTE;ATACADO OMEGA LTDA;OMEGA;PAULISTA/PE;VENDEDOR C;38,45,52;Boleto;UNID;17800;0,850;;15.130,00;15.130,00
NFe 2082;1093;09/05/2026 16:59:51;97;TAMPA PCO 26MM - NORMAL :: PRETO;DISTRIBUIDORA BETA S/A;BETA;OLINDA/PE;VENDEDOR B;28,35,42;Boleto;UNID;7500;0,068;;510,00;535,50
NFe 2082;1093;09/05/2026 16:59:51;212;DOSADORA R2 28/43 - PADRAO :: AZUL;DISTRIBUIDORA BETA S/A;BETA;OLINDA/PE;VENDEDOR B;28,35,42;Boleto;UNID;37000;0,250;;9.250,00;9.712,50
NFe 2082;1093;09/05/2026 16:59:51;439;FRASCO 500ML - PET :: TRANSPARENTE;DISTRIBUIDORA BETA S/A;BETA;OLINDA/PE;VENDEDOR B;28,35,42;Boleto;UNID;17500;0,850;;14.875,00;14.875,00
NFe 2083;1094;10/05/2026 09:33:20;439;FRASCO 500ML - PET :: TRANSPARENTE;ATACADO OMEGA LTDA;OMEGA;PAULISTA/PE;VENDEDOR C;21,28,35;Boleto;UNID;20600;0,850;;17.510,00;17.510,00
NFe 2083;1094;10/05/2026 09:33:20;97;TAMPA PCO 26MM - NORMAL :: PRETO;ATACADO OMEGA LTDA;OMEGA;PAULISTA/PE;VENDEDOR C;21,28,35;Boleto;UNID;32000;0,068;;2.176,00;2.284,80
NFe 2084;1095;10/05/2026 20:10:41;439;FRASCO 500ML - PET :: TRANSPARENTE;DISTRIBUIDORA BETA S/A;BETA;OLINDA/PE;VENDEDOR B;28,35,42;Boleto;UNID;19300;0,850;;16.405,00;16.405,00
NFe 2084;1095;10/05/2026 20:10:41;443;TAMPA PCO 38MM COM LACRE - NORMAL :: BRANCO;DISTRIBUIDORA BETA S/A;BETA;OLINDA/PE;VENDEDOR B;28,35,42;Boleto;UNID;17400;0,110;;1.914,00;2.009,70
NFe 2084;1095;10/05/2026 20:10:41;97;TAMPA PCO 26MM - NORMAL :: PRETO;DISTRIBUIDORA BETA S/A;BETA;OLINDA/PE;VENDEDOR B;28,35,42;Boleto;UNID;34900;0,068;;2.373,20;2.491,86
NFe 2085;1096;11/05/2026 00:37:18;97;TAMPA PCO 26MM - NORMAL :: PRETO;ATACADO OMEGA LTDA;OMEGA;PAULISTA/PE;VENDEDOR C;38,45,52;Boleto;UNID;14000;0,068;;952,00;999,60
NFe 2085;1096;11/05/2026 00:37:18;439;FRASCO 500ML - PET :: TRANSPARENTE;ATACADO OMEGA LTDA;OMEGA;PAULISTA/PE;VENDEDOR C;38,45,52;Boleto;UNID;34000;0,850;;28.900,00;28.900,00
NFe 2085;1096;11/05/2026 00:37:18;443;TAMPA PCO 38MM COM LACRE - NORMAL :: BRANCO;ATACADO OMEGA LTDA;OMEGA;PAULISTA/PE;VENDEDOR C;38,45,52;Boleto;UNID;30100;0,110;;3.311,00;3.476,55
NFe 2086;1097;11/05/2026 19:52:04;97;TAMPA PCO 26MM - NORMAL :: PRETO;ATACADO OMEGA LTDA;OMEGA;PAULISTA/PE;VENDEDOR C;38,45,52;Boleto;UNID;-14.000;0,068;;-952,00;-999,60
NFe 2086;1097;11/05/2026 19:52:04;439;FRASCO 500ML - PET :: TRANSPARENTE;ATACADO OMEGA LTDA;OMEGA;PAULISTA/PE;VENDEDOR C;38,45,52;Boleto;UNID;-34.000;0,850;;-28.900,00;-28.900,00
NFe 2086;1097;11/05/2026 19:52:04;443;TAMPA PCO 38MM COM LACRE - NORMAL :: BRANCO;ATACADO OMEGA LTDA;OMEGA;PAULISTA/PE;VENDEDOR C;38,45,52;Boleto;UNID;-30.100;0,110;;-3.311,00;-3.476,55
NFe 2087;1098;12/05/2026 12:02:37;443;TAMPA PCO 38MM COM LACRE - NORMAL :: BRANCO;DISTRIBUIDORA BETA S/A;BETA;OLINDA/PE;VENDEDOR B;28,35,42;Boleto;UNID;2100;0,110;;231,00;242,55
NFe 2088;1099;13/05/2026 07:46:44;212;DOSADORA R2 28/43 - PADRAO :: AZUL;COMERCIAL ALFA LTDA;ALFA;RECIFE/PE;VENDEDOR A;28,35,42;Boleto;UNID;35800;0,250;;8.950,00;9.397,50
NFe 2089;1100;13/05/2026 15:13:16;97;TAMPA PCO 26MM - NORMAL :: PRETO;ATACADO OMEGA LTDA;OMEGA;PAULISTA/PE;VENDEDOR C;38,45,52;Boleto;UNID;27000;0,068;;1.836,00;1.927,80
NFe 2089;1100;13/05/2026 15:13:16;439;FRASCO 500ML - PET :: TRANSPARENTE;ATACADO OMEGA LTDA;OMEGA;PAULISTA/PE;VENDEDOR C;38,45,52;Boleto;UNID;11100;0,850;;9.435,00;9.435,00
NFe 2089;1100;13/05/2026 15:13:16;212;DOSADORA R2 28/43 - PADRAO :: AZUL;ATACADO OMEGA LTDA;OMEGA;PAULISTA/PE;VENDEDOR C;38,45,52;Boleto;UNID;29200;0,250;;7.300,00;7.665,00
NFe 2090;1101;14/05/2026 02:55:46;439;FRASCO 500ML - PET :: TRANSPARENTE;COMERCIAL ALFA LTDA;ALFA;RECIFE/PE;VENDEDOR A;21,28,35;Boleto;UNID;18600;0,850;;15.810,00;15.810,00
NFe 2090;1101;14/05/2026 02:55:46;212;DOSADORA R2 28/43 - PADRAO :: AZUL;COMERCIAL ALFA LTDA;ALFA;RECIFE/PE;VENDEDOR A;21,28,35;Boleto;UNID;35100;0,250;;8.775,00;9.213,75
NFe 2091;1102;14/05/2026 12:35:16;443;TAMPA PCO 38MM COM LACRE - NORMAL :: BRANCO;COMERCIAL ALFA LTDA;ALFA;RECIFE/PE;VENDEDOR A;38,45,52;Boleto;UNID;39900;0,110;;4.389,00;4.608,45
NFe 2091;1102;14/05/2026 12:35:16;212;DOSADORA R2 28/43 - PADRAO :: AZUL;COMERCIAL ALFA LTDA;ALFA;RECIFE/PE;VENDEDOR A;38,45,52;Boleto;UNID;15200;0,250;;3.800,00;3.990,00
NFe 2092;1103;14/05/2026 20:20:01;439;FRASCO 500ML - PET :: TRANSPARENTE;DISTRIBUIDORA BETA S/A;BETA;OLINDA/PE;VENDEDOR B;38,45,52;Boleto;UNID;29800;0,850;;25.330,00;25.330,00
NFe 2092;1103;14/05/2026 20:20:01;443;TAMPA PCO 38MM COM LACRE - NORMAL :: BRANCO;DISTRIBUIDORA BETA S/A;BETA;OLINDA/PE;VENDEDOR B;38,45,52;Boleto;UNID;35100;0,110;;3.861,00;4.054,05
NFe 2092;1103;14/05/2026 20:20:01;97;TAMPA PCO 26MM - NORMAL :: PRETO;DISTRIBUIDORA BETA S/A;BETA;OLINDA/PE;VENDEDOR B;38,45,52;Boleto;UNID;28300;0,068;;1.924,40;2.020,62
NFe 2093;1104;15/05/2026 10:17:26;97;TAMPA PCO 26MM - NORMAL :: PRETO;ATACADO OMEGA LTDA;OMEGA;PAULISTA/PE;VENDEDOR C;21,28,35;Boleto;UNID;37000;0,068;;2.516,00;2.641,80
NFe 2093;1104;15/05/2026 10:17:26;443;TAMPA PCO 38MM COM LACRE - NORMAL :: BRANCO;ATACADO OMEGA LTDA;OMEGA;PAULISTA/PE;VENDEDOR C;21,28,35;Boleto;UNID;4500;0,110;;495,00;519,75
NFe 2094;1105;15/05/2026 23:16:54;439;FRASCO 500ML - PET :: TRANSPARENTE;EMBALAGENS DELTA ME;DELTA;JABOATAO/PE;VENDEDOR B;21,28,35;Boleto;UNID;29200;0,850;;24.820,00;24.820,00
NFe 2095;1106;16/05/2026 08:25:00;443;TAMPA PCO 38MM COM LACRE - NORMAL :: BRANCO;DISTRIBUIDORA BETA S/A;BETA;OLINDA/PE;VENDEDOR B;21,28,35;Boleto;UNID;33100;0,110;;3.641,00;3.823,05
NFe 2096;1107;16/05/2026 16:28:06;443;TAMPA PCO 38MM COM LACRE - NORMAL :: BRANCO;INDUSTRIA GAMA LTDA;GAMA;CARUARU/PE;VENDEDOR B;21,28,35;Boleto;UNID;21300;0,110;;2.343,00;2.460,15
NFe 2096;1107;16/05/2026 16:28:06;97;TAMPA PCO 26MM - NORMAL :: PRETO;INDUSTRIA GAMA LTDA;GAMA;CARUARU/PE;VENDEDOR B;21,28,35;Boleto;UNID;33900;0,068;;2.305,20;2.420,46
NFe 2096;1107;16/05/2026 16:28:06;439;FRASCO 500ML - PET :: TRANSPARENTE;INDUSTRIA GAMA LTDA;GAMA;CARUARU/PE;VENDEDOR B;21,28,35;Boleto;UNID;24800;0,850;;21.080,00;21.080,00
NFe 2097;1108;17/05/2026 09:09:18;97;TAMPA PCO 26MM - NORMAL :: PRETO;COMERCIAL ALFA LTDA;ALFA;RECIFE/PE;VENDEDOR A;28,35,42;Boleto;UNID;27800;0,068;;1.890,40;1.984,92
NFe 2097;1108;17/05/2026 09:09:18;212;DOSADORA R2 28/43 - PADRAO :: AZUL;COMERCIAL ALFA LTDA;ALFA;RECIFE/PE;VENDEDOR A;28,35,42;Boleto;UNID;38300;0,250;;9.575,00;10.053,75
NFe 2097;1108;17/05/2026 09:09:18;439;FRASCO 500ML - PET :: TRANSPARENTE;COMERCIAL ALFA LTDA;ALFA;RECIFE/PE;VENDEDOR A;28,35,42;Boleto;UNID;37500;0,850;;31.875,00;31.875,00
NFe 2098;1109;17/05/2026 12:08:16;212;DOSADORA R2 28/43 - PADRAO :: AZUL;ATACADO OMEGA LTDA;OMEGA;PAULISTA/PE;VENDEDOR C;21,28,35;Boleto;UNID;25800;0,250;;6.450,00;6.772,50
NFe 2099;1110;17/05/2026 19:08:03;439;FRASCO 500ML - PET :: TRANSPARENTE;ATACADO OMEGA LTDA;OMEGA;PAULISTA/PE;VENDEDOR C;21,28,35;Boleto;UNID;29500;0,850;;25.075,00;25.075,00
NFe 2100;1111;18/05/2026 15:15:02;212;DOSADORA R2 28/43 - PADRAO :: AZUL;COMERCIAL ALFA LTDA;ALFA;RECIFE/PE;VENDEDOR A;38,45,52;Boleto;UNID;14400;0,250;;3.600,00;3.780,00
NFe 2100;1111;18/05/2026 15:15:02;97;TAMPA PCO 26MM - NORMAL :: PRETO;COMERCIAL ALFA LTDA;ALFA;RECIFE/PE;VENDEDOR A;38,45,52;Boleto;UNID;10300;0,068;;700,40;735,42
NFe 2100;1111;18/05/2026 15:15:02;443;TAMPA PCO 38MM COM LACRE - NORMAL :: BRANCO;COMERCIAL ALFA LTDA;ALFA;RECIFE/PE;VENDEDOR A;38,45,52;Boleto;UNID;6200;0,110;;682,00;716,10
NFe 2101;1112;19/05/2026 02:25:48;439;FRASCO 500ML - PET :: TRANSPARENTE;COMERCIAL ALFA LTDA;ALFA;RECIFE/PE;VENDEDOR A;21,28,35;Boleto;UNID;15600;0,850;;13.260,00;13.260,00
NFe 2102;1113;19/05/2026 22:09:36;212;DOSADORA R2 28/43 - PADRAO :: AZUL;DISTRIBUIDORA BETA S/A;BETA;OLINDA/PE;VENDEDOR B;38,45,52;Boleto;UNID;17200;0,250;;4.300,00;4.515,00
NFe 2102;1113;19/05/2026 22:09:36;439;FRASCO 500ML - PET :: TRANSPARENTE;DISTRIBUIDORA BETA S/A;BETA;OLINDA/PE;VENDEDOR B;38,45,52;Boleto;UNID;4900;0,850;;4.165,00;4.165,00
NFe 2103;1114;20/05/2026 11:51:42;97;TAMPA PCO 26MM - NORMAL :: PRETO;COMERCIAL ALFA LTDA;ALFA;RECIFE/PE;VENDEDOR A;28,35,42;Boleto;UNID;13800;0,068;;938,40;985,32
NFe 2104;1115;21/05/2026 01:07:10;97;TAMPA PCO 26MM - NORMAL :: PRETO;ATACADO OMEGA LTDA;OMEGA;PAULISTA/PE;VENDEDOR C;28,35,42;Boleto;UNID;35900;0,068;;2.441,20;2.563,26
NFe 2104;1115;21/05/2026 01:07:10;443;TAMPA PCO 38MM COM LACRE - NORMAL :: BRANCO;ATACADO OMEGA LTDA;OMEGA;PAULISTA/PE;VENDEDOR C;28,35,42;Boleto;UNID;12500;0,110;;1.375,00;1.443,75
NFe 2104;1115;21/05/2026 01:07:10;439;FRASCO 500ML - PET :: TRANSPARENTE;ATACADO OMEGA LTDA;OMEGA;PAULISTA/PE;VENDEDOR C;28,35,42;Boleto;UNID;3600;0,850;;3.060,00;3.060,00
NFe 2105;1116;21/05/2026 05:36:29;97;TAMPA PCO 26MM - NORMAL :: PRETO;INDUSTRIA GAMA LTDA;GAMA;CARUARU/PE;VENDEDOR B;38,45,52;Boleto;UNID;15600;0,068;;1.060,80;1.113,84
NFe 2105;1116;21/05/2026 05:36:29;439;FRASCO 500ML - PET :: TRANSPARENTE;INDUSTRIA GAMA LTDA;GAMA;CARUARU/PE;VENDEDOR B;38,45,52;Boleto;UNID;19300;0,850;;16.405,00;16.405,00
NFe 2106;1117;22/05/2026 01:50:43;439;FRASCO 500ML - PET :: TRANSPARENTE;DISTRIBUIDORA BETA S/A;BETA;OLINDA/PE;VENDEDOR B;28,35,42;Boleto;UNID;39200;0,850;;33.320,00;33.320,00
NFe 2106;1117;22/05/2026 01:50:43;443;TAMPA PCO 38MM COM LACRE - NORMAL :: BRANCO;DISTRIBUIDORA BETA S/A;BETA;OLINDA/PE;VENDEDOR B;28,35,42;Boleto;UNID;28000;0,110;;3.080,00;3.234,00
NFe 2106;1117;22/05/2026 01:50:43;212;DOSADORA R2 28/43 - PADRAO :: AZUL;DISTRIBUIDORA BETA S/A;BETA;OLINDA/PE;VENDEDOR B;28,35,42;Boleto;UNID;34500;0,250;;8.625,00;9.056,25
NFe 2107;1118;22/05/2026 09:38:58;212;DOSADORA R2 28/43 - PADRAO :: AZUL;DISTRIBUIDORA BETA S/A;BETA;OLINDA/PE;VENDEDOR B;21,28,35;Boleto;UNID;4400;0,250;;1.100,00;1.155,00
NFe 2107;1118;22/05/2026 09:38:58;439;FRASCO 500ML - PET :: TRANSPARENTE;DISTRIBUIDORA BETA S/A;BETA;OLINDA/PE;VENDEDOR B;21,28,35;Boleto;UNID;29300;0,850;;24.905,00;24.905,00
NFe 2107;1118;22/05/2026 09:38:58;443;TAMPA PCO 38MM COM LACRE - NORMAL :: BRANCO;DISTRIBUIDORA BETA S/A;BETA;OLINDA/PE;VENDEDOR B;21,28,35;Boleto;UNID;6200;0,110;;682,00;716,10
NFe 2108;1119;22/05/2026 12:32:33;443;TAMPA PCO 38MM COM LACRE - NORMAL :: BRANCO;COMERCIAL ALFA LTDA;ALFA;RECIFE/PE;VENDEDOR A;38,45,52;Boleto;UNID;17200;0,110;;1.892,00;1.986,60
NFe 2109;1120;23/05/2026 06:00:40;212;DOSADORA R2 28/43 - PADRAO :: AZUL;INDUSTRIA GAMA LTDA;GAMA;CARUARU/PE;VENDEDOR B;28,35,42;Boleto;UNID;3300;0,250;;825,00;866,25
NFe 2110;1121;23/05/2026 21:09:12;439;FRASCO 500ML - PET :: TRANSPARENTE;DISTRIBUIDORA BETA S/A;BETA;OLINDA/PE;VENDEDOR B;38,45,52;Boleto;UNID;1600;0,850;;1.360,00;1.360,00
NFe 2110;1121;23/05/2026 21:09:12;212;DOSADORA R2 28/43 - PADRAO :: AZUL;DISTRIBUIDORA BETA S/A;BETA;OLINDA/PE;VENDEDOR B;38,45,52;Boleto;UNID;20700;0,250;;5.175,00;5.433,75
NFe 2111;1122;24/05/2026 07:01:12;439;FRASCO 500ML - PET :: TRANSPARENTE;DISTRIBUIDORA BETA S/A;BETA;OLINDA/PE;VENDEDOR B;21,28,35;Boleto;UNID;3700;0,850;;3.145,00;3.145,00
NFe 2111;1122;24/05/2026 07:01:12;212;DOSADORA R2 28/43 - PADRAO :: AZUL;DISTRIBUIDORA BETA S/A;BETA;OLINDA/PE;VENDEDOR B;21,28,35;Boleto;UNID;28200;0,250;;7.050,00;7.402,50
NFe 2112;1123;24/05/2026 10:01:09;439;FRASCO 500ML - PET :: TRANSPARENTE;DISTRIBUIDORA BETA S/A;BETA;OLINDA/PE;VENDEDOR B;21,28,35;Boleto;UNID;-3.700;0,850;;-3.145,00;-3.145,00
NFe 2112;1123;24/05/2026 10:01:09;212;DOSADORA R2 28/43 - PADRAO :: AZUL;DISTRIBUIDORA BETA S/A;BETA;OLINDA/PE;VENDEDOR B;21,28,35;Boleto;UNID;-28.200;0,250;;-7.050,00;-7.402,50
NFe 2113;1124;25/05/2026 02:03:27;439;FRASCO 500ML - PET :: TRANSPARENTE;DISTRIBUIDORA BETA S/A;BETA;OLINDA/PE;VENDEDOR B;21,28,35;Boleto;UNID;3700;0,850;;3.145,00;3.145,00
NFe 2113;1124;25/05/2026 02:03:27;212;DOSADORA R2 28/43 - PADRAO :: AZUL;DISTRIBUIDORA BETA S/A;BETA;OLINDA/PE;VENDEDOR B;21,28,35;Boleto;UNID;28200;0,250;;7.050,00;7.402,50
NFe 2114;1125;25/05/2026 07:53:08;439;FRASCO 500ML - PET :: TRANSPARENTE;ATACADO OMEGA LTDA;OMEGA;PAULISTA/PE;VENDEDOR C;38,45,52;Boleto;UNID;23400;0,850;;19.890,00;19.890,00
NFe 2114;1125;25/05/2026 07:53:08;443;TAMPA PCO 38MM COM LACRE - NORMAL :: BRANCO;ATACADO OMEGA LTDA;OMEGA;PAULISTA/PE;VENDEDOR C;38,45,52;Boleto;UNID;19800;0,110;;2.178,00;2.286,90
NFe 2115;1126;25/05/2026 20:58:51;439;FRASCO 500ML - PET :: TRANSPARENTE;ATACADO OMEGA LTDA;OMEGA;PAULISTA/PE;VENDEDOR C;21,28,35;Boleto;UNID;28000;0,850;;23.800,00;23.800,00
NFe 2115;1126;25/05/2026 20:58:51;97;TAMPA PCO 26MM - NORMAL :: PRETO;ATACADO OMEGA LTDA;OMEGA;PAULISTA/PE;VENDEDOR C;21,28,35;Boleto;UNID;20600;0,068;;1.400,80;1.470,84
NFe 2115;1126;25/05/2026 20:58:51;212;DOSADORA R2 28/43 - PADRAO :: AZUL;ATACADO OMEGA LTDA;OMEGA;PAULISTA/PE;VENDEDOR C;21,28,35;Boleto;UNID;27500;0,250;;6.875,00;7.218,75
NFe 2116;1127;26/05/2026 02:45:05;212;DOSADORA R2 28/43 - PADRAO :: AZUL;EMBALAGENS DELTA ME;DELTA;JABOATAO/PE;VENDEDOR B;28,35,42;Boleto;UNID;19900;0,250;;4.975,00;5.223,75
NFe 2116;1127;26/05/2026 02:45:05;439;FRASCO 500ML - PET :: TRANSPARENTE;EMBALAGENS DELTA ME;DELTA;JABOATAO/PE;VENDEDOR B;28,35,42;Boleto;UNID;12200;0,850;;10.370,00;10.370,00
NFe 2117;1128;26/05/2026 11:14:27;97;TAMPA PCO 26MM - NORMAL :: PRETO;COMERCIAL ALFA LTDA;ALFA;RECIFE/PE;VENDEDOR A;38,45,52;Boleto;UNID;34300;0,068;;2.332,40;2.449,02
NFe 2118;1129;27/05/2026 01:54:16;97;TAMPA PCO 26MM - NORMAL :: PRETO;ATACADO OMEGA LTDA;OMEGA;PAULISTA/PE;VENDEDOR C;21,28,35;Boleto;UNID;5600;0,068;;380,80;399,84
NFe 2119;1130;27/05/2026 21:56:44;97;TAMPA PCO 26MM - NORMAL :: PRETO;INDUSTRIA GAMA LTDA;GAMA;CARUARU/PE;VENDEDOR B;21,28,35;Boleto;UNID;21000;0,068;;1.428,00;1.499,40
NFe 2120;1131;28/05/2026 13:11:18;439;FRASCO 500ML - PET :: TRANSPARENTE;ATACADO OMEGA LTDA;OMEGA;PAULISTA/PE;VENDEDOR C;21,28,35;Boleto;UNID;12400;0,850;;10.540,00;10.540,00
NFe 2121;1132;29/05/2026 08:31:54;439;FRASCO 500ML - PET :: TRANSPARENTE;INDUSTRIA GAMA LTDA;GAMA;CARUARU/PE;VENDEDOR B;28,35,42;Boleto;UNID;7800;0,850;;6.630,00;6.630,00
NFe 2122;1133;30/05/2026 01:46:20;443;TAMPA PCO 38MM COM LACRE - NORMAL :: BRANCO;COMERCIAL ALFA LTDA;ALFA;RECIFE/PE;VENDEDOR A;38,45,52;Boleto;UNID;28900;0,110;;3.179,00;3.337,95
NFe 2122;1133;30/05/2026 01:46:20;439;FRASCO 500ML - PET :: TRANSPARENTE;COMERCIAL ALFA LTDA;ALFA;RECIFE/PE;VENDEDOR A;38,45,52;Boleto;UNID;25800;0,850;;21.930,00;21.930,00
NFe 2122;1133;30/05/2026 01:46:20;212;DOSADORA R2 28/43 - PADRAO :: AZUL;COMERCIAL ALFA LTDA;ALFA;RECIFE/PE;VENDEDOR A;38,45,52;Boleto;UNID;2900;0,250;;725,00;761,25
NFe 2123;1134;30/05/2026 14:28:02;212;DOSADORA R2 28/43 - PADRAO :: AZUL;DISTRIBUIDORA BETA S/A;BETA;OLINDA/PE;VENDEDOR B;38,45,52;Boleto;UNID;15800;0,250;;3.950,00;4.147,50
NFe 2123;1134;30/05/2026 14:28:02;901;TAMPA ANTIGA 28MM SEM PADRAO;DISTRIBUIDORA BETA S/A;BETA;OLINDA/PE;VENDEDOR B;38,45,52;Boleto;UNID;19700;0,068;;1.339,60;1.406,58
NFe 2124;1135;30/05/2026 21:16:36;443;TAMPA PCO 38MM COM LACRE - NORMAL :: BRANCO;ATACADO OMEGA LTDA;OMEGA;PAULISTA/PE;VENDEDOR C;28,35,42;Boleto;UNID;29200;0,110;;3.212,00;3.372,60
NFe 2124;1135;30/05/2026 21:16:36;212;DOSADORA R2 28/43 - PADRAO :: AZUL;ATACADO OMEGA LTDA;OMEGA;PAULISTA/PE;VENDEDOR C;28,35,42;Boleto;UNID;21600;0,250;;5.400,00;5.670,00
NFe 2124;1135;30/05/2026 21:16:36;97;TAMPA PCO 26MM - NORMAL :: PRETO;ATACADO OMEGA LTDA;OMEGA;PAULISTA/PE;VENDEDOR C;28,35,42;Boleto;UNID;21800;0,068;;1.482,40;1.556,52
NFe 2125;1136;31/05/2026 15:49:44;97;TAMPA PCO 26MM - NORMAL :: PRETO;COMERCIAL ALFA LTDA;ALFA;RECIFE/PE;VENDEDOR A;28,35,42;Boleto;UNID;5200;0,068;;353,60;371,28
NFe 2125;1136;31/05/2026 15:49:44;443;TAMPA PCO 38MM COM LACRE - NORMAL :: BRANCO;COMERCIAL ALFA LTDA;ALFA;RECIFE/PE;VENDEDOR A;28,35,42;Boleto;UNID;27900;0,110;;3.069,00;3.222,45
NFe 2125;1136;31/05/2026 15:49:44;439;FRASCO 500ML - PET :: TRANSPARENTE;COMERCIAL ALFA LTDA;ALFA;RECIFE/PE;VENDEDOR A;28,35,42;Boleto;UNID;37500;0,850;;31.875,00;31.875,00
NFe 2126;1137;31/05/2026 22:53:01;443;TAMPA PCO 38MM COM LACRE - NORMAL :: BRANCO;DISTRIBUIDORA BETA S/A;BETA;OLINDA/PE;VENDEDOR B;21,28,35;Boleto;UNID;39400;0,110;;4.334,00;4.550,70
NFe 2127;1138;01/06/2026 18:39:43;97;TAMPA PCO 26MM - NORMAL :: PRETO;DISTRIBUIDORA BETA S/A;BETA;OLINDA/PE;VENDEDOR B;28,35,42;Boleto;UNID;10200;0,068;;693,60;728,28
NFe 2127;1138;01/06/2026 18:39:43;212;DOSADORA R2 28/43 - PADRAO :: AZUL;DISTRIBUIDORA BETA S/A;BETA;OLINDA/PE;VENDEDOR B;28,35,42;Boleto;UNID;38400;0,250;;9.600,00;10.080,00
NFe 2128;1139;01/06/2026 23:27:31;443;TAMPA PCO 38MM COM LACRE - NORMAL :: BRANCO;COMERCIAL ALFA LTDA;ALFA;RECIFE/PE;VENDEDOR A;38,45,52;Boleto;UNID;28700;0,110;;3.157,00;3.314,85
NFe 2128;1139;01/06/2026 23:27:31;212;DOSADORA R2 28/43 - PADRAO :: AZUL;COMERCIAL ALFA LTDA;ALFA;RECIFE/PE;VENDEDOR A;38,45,52;Boleto;UNID;16900;0,250;;4.225,00;4.436,25
NFe 2128;1139;01/06/2026 23:27:31;97;TAMPA PCO 26MM - NORMAL :: PRETO;COMERCIAL ALFA LTDA;ALFA;RECIFE/PE;VENDEDOR A;38,45,52;Boleto;UNID;14900;0,068;;1.013,20;1.063,86
NFe 2129;1140;02/06/2026 12:57:05;212;DOSADORA R2 28/43 - PADRAO :: AZUL;COMERCIAL ALFA LTDA;ALFA;RECIFE/PE;VENDEDOR A;28,35,42;Boleto;UNID;37400;0,250;;9.350,00;9.817,50
NFe 2129;1140;02/06/2026 12:57:05;443;TAMPA PCO 38MM COM LACRE - NORMAL :: BRANCO;COMERCIAL ALFA LTDA;ALFA;RECIFE/PE;VENDEDOR A;28,35,42;Boleto;UNID;24500;0,110;;2.695,00;2.829,75
NFe 2129;1140;02/06/2026 12:57:05;97;TAMPA PCO 26MM - NORMAL :: PRETO;COMERCIAL ALFA LTDA;ALFA;RECIFE/PE;VENDEDOR A;28,35,42;Boleto;UNID;39400;0,068;;2.679,20;2.813,16
NFe 2130;1141;03/06/2026 00:55:18;443;TAMPA PCO 38MM COM LACRE - NORMAL :: BRANCO;COMERCIAL ALFA LTDA;ALFA;RECIFE/PE;VENDEDOR A;38,45,52;Boleto;UNID;1300;0,110;;143,00;150,15
NFe 2131;1142;03/06/2026 10:31:17;443;TAMPA PCO 38MM COM LACRE - NORMAL :: BRANCO;INDUSTRIA GAMA LTDA;GAMA;CARUARU/PE;VENDEDOR B;28,35,42;Boleto;UNID;17300;0,110;;1.903,00;1.998,15
NFe 2132;1143;03/06/2026 18:55:53;439;FRASCO 500ML - PET :: TRANSPARENTE;DISTRIBUIDORA BETA S/A;BETA;OLINDA/PE;VENDEDOR B;38,45,52;Boleto;UNID;37500;0,850;;31.875,00;31.875,00
NFe 2132;1143;03/06/2026 18:55:53;443;TAMPA PCO 38MM COM LACRE - NORMAL :: BRANCO;DISTRIBUIDORA BETA S/A;BETA;OLINDA/PE;VENDEDOR B;38,45,52;Boleto;UNID;33300;0,110;;3.663,00;3.846,15
NFe 2132;1143;03/06/2026 18:55:53;212;DOSADORA R2 28/43 - PADRAO :: AZUL;DISTRIBUIDORA BETA S/A;BETA;OLINDA/PE;VENDEDOR B;38,45,52;Boleto;UNID;38300;0,250;;9.575,00;10.053,75
NFe 2133;1144;04/06/2026 11:25:03;212;DOSADORA R2 28/43 - PADRAO :: AZUL;COMERCIAL ALFA LTDA;ALFA;RECIFE/PE;VENDEDOR A;21,28,35;Boleto;UNID;27300;0,250;;6.825,00;7.166,25
NFe 2133;1144;04/06/2026 11:25:03;97;TAMPA PCO 26MM - NORMAL :: PRETO;COMERCIAL ALFA LTDA;ALFA;RECIFE/PE;VENDEDOR A;21,28,35;Boleto;UNID;2200;0,068;;149,60;157,08
NFe 2133;1144;04/06/2026 11:25:03;439;FRASCO 500ML - PET :: TRANSPARENTE;COMERCIAL ALFA LTDA;ALFA;RECIFE/PE;VENDEDOR A;21,28,35;Boleto;UNID;4300;0,850;;3.655,00;3.655,00
NFe 2134;1145;04/06/2026 14:13:03;443;TAMPA PCO 38MM COM LACRE - NORMAL :: BRANCO;ATACADO OMEGA LTDA;OMEGA;PAULISTA/PE;VENDEDOR C;21,28,35;Boleto;UNID;900;0,110;;99,00;103,95
NFe 2135;1146;04/06/2026 21:45:32;212;DOSADORA R2 28/43 - PADRAO :: AZUL;DISTRIBUIDORA BETA S/A;BETA;OLINDA/PE;VENDEDOR B;38,45,52;Boleto;UNID;1300;0,250;;325,00;341,25
NFe 2135;1146;04/06/2026 21:45:32;439;FRASCO 500ML - PET :: TRANSPARENTE;DISTRIBUIDORA BETA S/A;BETA;OLINDA/PE;VENDEDOR B;38,45,52;Boleto;UNID;800;0,850;;680,00;680,00
NFe 2135;1146;04/06/2026 21:45:32;443;TAMPA PCO 38MM COM LACRE - NORMAL :: BRANCO;DISTRIBUIDORA BETA S/A;BETA;OLINDA/PE;VENDEDOR B;38,45,52;Boleto;UNID;27700;0,110;;3.047,00;3.199,35
NFe 2136;1147;05/06/2026 16:11:32;212;DOSADORA R2 28/43 - PADRAO :: AZUL;DISTRIBUIDORA BETA S/A;BETA;OLINDA/PE;VENDEDOR B;38,45,52;Boleto;UNID;-1.300;0,250;;-325,00;-341,25
NFe 2136;1147;05/06/2026 16:11:32;439;FRASCO 500ML - PET :: TRANSPARENTE;DISTRIBUIDORA BETA S/A;BETA;OLINDA/PE;VENDEDOR B;38,45,52;Boleto;UNID;-800;0,850;;-680,00;-680,00
NFe 2136;1147;05/06/2026 16:11:32;443;TAMPA PCO 38MM COM LACRE - NORMAL :: BRANCO;DISTRIBUIDORA BETA S/A;BETA;OLINDA/PE;VENDEDOR B;38,45,52;Boleto;UNID;-27.700;0,110;;-3.047,00;-3.199,35
NFe 2137;1148;06/06/2026 01:45:50;212;DOSADORA R2 28/43 - PADRAO :: AZUL;DISTRIBUIDORA BETA S/A;BETA;OLINDA/PE;VENDEDOR B;38,45,52;Boleto;UNID;1300;0,250;;325,00;341,25
NFe 2137;1148;06/06/2026 01:45:50;439;FRASCO 500ML - PET :: TRANSPARENTE;DISTRIBUIDORA BETA S/A;BETA;OLINDA/PE;VENDEDOR B;38,45,52;Boleto;UNID;800;0,850;;680,00;680,00
NFe 2137;1148;06/06/2026 01:45:50;443;TAMPA PCO 38MM COM LACRE - NORMAL :: BRANCO;DISTRIBUIDORA BETA S/A;BETA;OLINDA/PE;VENDEDOR B;38,45,52;Boleto;UNID;27700;0,110;;3.047,00;3.199,35
NFe 2138;1149;06/06/2026 16:37:48;443;TAMPA PCO 38MM COM LACRE - NORMAL :: BRANCO;COMERCIAL ALFA LTDA;ALFA;RECIFE/PE;VENDEDOR A;21,28,35;Boleto;UNID;32200;0,110;;3.542,00;3.719,10
NFe 2138;1149;06/06/2026 16:37:48;97;TAMPA PCO 26MM - NORMAL :: PRETO;COMERCIAL ALFA LTDA;ALFA;RECIFE/PE;VENDEDOR A;21,28,35;Boleto;UNID;27400;0,068;;1.863,20;1.956,36
NFe 2138;1149;06/06/2026 16:37:48;439;FRASCO 500ML - PET :: TRANSPARENTE;COMERCIAL ALFA LTDA;ALFA;RECIFE/PE;VENDEDOR A;21,28,35;Boleto;UNID;13400;0,850;;11.390,00;11.390,00
NFe 2139;1150;07/06/2026 04:55:38;443;TAMPA PCO 38MM COM LACRE - NORMAL :: BRANCO;COMERCIAL ALFA LTDA;ALFA;RECIFE/PE;VENDEDOR A;28,35,42;Boleto;UNID;12000;0,110;;1.320,00;1.386,00
NFe 2139;1150;07/06/2026 04:55:38;439;FRASCO 500ML - PET :: TRANSPARENTE;COMERCIAL ALFA LTDA;ALFA;RECIFE/PE;VENDEDOR A;28,35,42;Boleto;UNID;15800;0,850;;13.430,00;13.430,00
NFe 2140;1151;07/06/2026 08:37:32;212;DOSADORA R2 28/43 - PADRAO :: AZUL;COMERCIAL ALFA LTDA;ALFA;RECIFE/PE;VENDEDOR A;28,35,42;Boleto;UNID;24800;0,250;;6.200,00;6.510,00
NFe 2140;1151;07/06/2026 08:37:32;439;FRASCO 500ML - PET :: TRANSPARENTE;COMERCIAL ALFA LTDA;ALFA;RECIFE/PE;VENDEDOR A;28,35,42;Boleto;UNID;3300;0,850;;2.805,00;2.805,00
NFe 2141;1152;07/06/2026 10:21:42;212;DOSADORA R2 28/43 - PADRAO :: AZUL;COMERCIAL ALFA LTDA;ALFA;RECIFE/PE;VENDEDOR A;28,35,42;Boleto;UNID;-24.800;0,250;;-6.200,00;-6.510,00
NFe 2141;1152;07/06/2026 10:21:42;439;FRASCO 500ML - PET :: TRANSPARENTE;COMERCIAL ALFA LTDA;ALFA;RECIFE/PE;VENDEDOR A;28,35,42;Boleto;UNID;-3.300;0,850;;-2.805,00;-2.805,00
NFe 2142;1153;08/06/2026 01:03:32;212;DOSADORA R2 28/43 - PADRAO :: AZUL;COMERCIAL ALFA LTDA;ALFA;RECIFE/PE;VENDEDOR A;28,35,42;Boleto;UNID;24800;0,250;;6.200,00;6.510,00
NFe 2142;1153;08/06/2026 01:03:32;439;FRASCO 500ML - PET :: TRANSPARENTE;COMERCIAL ALFA LTDA;ALFA;RECIFE/PE;VENDEDOR A;28,35,42;Boleto;UNID;3300;0,850;;2.805,00;2.805,00
NFe 2143;1154;08/06/2026 06:01:05;212;DOSADORA R2 28/43 - PADRAO :: AZUL;ATACADO OMEGA LTDA;OMEGA;PAULISTA/PE;VENDEDOR C;21,28,35;Boleto;UNID;14300;0,250;;3.575,00;3.753,75
NFe 2144;1155;08/06/2026 09:00:09;97;TAMPA PCO 26MM - NORMAL :: PRETO;COMERCIAL ALFA LTDA;ALFA;RECIFE/PE;VENDEDOR A;38,45,52;Boleto;UNID;1300;0,068;;88,40;92,82
NFe 2144;1155;08/06/2026 09:00:09;212;DOSADORA R2 28/43 - PADRAO :: AZUL;COMERCIAL ALFA LTDA;ALFA;RECIFE/PE;VENDEDOR A;38,45,52;Boleto;UNID;11100;0,250;;2.775,00;2.913,75
NFe 2144;1155;08/06/2026 09:00:09;443;TAMPA PCO 38MM COM LACRE - NORMAL :: BRANCO;COMERCIAL ALFA LTDA;ALFA;RECIFE/PE;VENDEDOR A;38,45,52;Boleto;UNID;30500;0,110;;3.355,00;3.522,75
NFe 2145;1156;08/06/2026 14:49:01;443;TAMPA PCO 38MM COM LACRE - NORMAL :: BRANCO;COMERCIAL ALFA LTDA;ALFA;RECIFE/PE;VENDEDOR A;21,28,35;Boleto;UNID;12800;0,110;;1.408,00;1.478,40
NFe 2145;1156;08/06/2026 14:49:01;439;FRASCO 500ML - PET :: TRANSPARENTE;COMERCIAL ALFA LTDA;ALFA;RECIFE/PE;VENDEDOR A;21,28,35;Boleto;UNID;29500;0,850;;25.075,00;25.075,00
NFe 2146;1157;09/06/2026 04:32:58;97;TAMPA PCO 26MM - NORMAL :: PRETO;COMERCIAL ALFA LTDA;ALFA;RECIFE/PE;VENDEDOR A;38,45,52;Boleto;UNID;26100;0,068;;1.774,80;1.863,54
NFe 2147;1158;09/06/2026 16:36:04;212;DOSADORA R2 28/43 - PADRAO :: AZUL;ATACADO OMEGA LTDA;OMEGA;PAULISTA/PE;VENDEDOR C;28,35,42;Boleto;UNID;32900;0,250;;8.225,00;8.636,25
NFe 2147;1158;09/06/2026 16:36:04;443;TAMPA PCO 38MM COM LACRE - NORMAL :: BRANCO;ATACADO OMEGA LTDA;OMEGA;PAULISTA/PE;VENDEDOR C;28,35,42;Boleto;UNID;14400;0,110;;1.584,00;1.663,20
NFe 2147;1158;09/06/2026 16:36:04;97;TAMPA PCO 26MM - NORMAL :: PRETO;ATACADO OMEGA LTDA;OMEGA;PAULISTA/PE;VENDEDOR C;28,35,42;Boleto;UNID;23500;0,068;;1.598,00;1.677,90
NFe 2148;1159;10/06/2026 08:50:26;212;DOSADORA R2 28/43 - PADRAO :: AZUL;COMERCIAL ALFA LTDA;ALFA;RECIFE/PE;VENDEDOR A;21,28,35;Boleto;UNID;13100;0,250;;3.275,00;3.438,75
NFe 2148;1159;10/06/2026 08:50:26;97;TAMPA PCO 26MM - NORMAL :: PRETO;COMERCIAL ALFA LTDA;ALFA;RECIFE/PE;VENDEDOR A;21,28,35;Boleto;UNID;37000;0,068;;2.516,00;2.641,80
NFe 2148;1159;10/06/2026 08:50:26;443;TAMPA PCO 38MM COM LACRE - NORMAL :: BRANCO;COMERCIAL ALFA LTDA;ALFA;RECIFE/PE;VENDEDOR A;21,28,35;Boleto;UNID;4200;0,110;;462,00;485,10
NFe 2149;1160;10/06/2026 12:07:35;212;DOSADORA R2 28/43 - PADRAO :: AZUL;EMBALAGENS DELTA ME;DELTA;JABOATAO/PE;VENDEDOR B;21,28,35;Boleto;UNID;5900;0,250;;1.475,00;1.548,75
NFe 2149;1160;10/06/2026 12:07:35;443;TAMPA PCO 38MM COM LACRE - NORMAL :: BRANCO;EMBALAGENS DELTA ME;DELTA;JABOATAO/PE;VENDEDOR B;21,28,35;Boleto;UNID;5100;0,110;;561,00;589,05
NFe 2149;1160;10/06/2026 12:07:35;439;FRASCO 500ML - PET :: TRANSPARENTE;EMBALAGENS DELTA ME;DELTA;JABOATAO/PE;VENDEDOR B;21,28,35;Boleto;UNID;700;0,850;;595,00;595,00
NFe 2150;1161;10/06/2026 22:35:58;212;DOSADORA R2 28/43 - PADRAO :: AZUL;COMERCIAL ALFA LTDA;ALFA;RECIFE/PE;VENDEDOR A;21,28,35;Boleto;UNID;23400;0,250;;5.850,00;6.142,50
NFe 2151;1162;11/06/2026 17:11:30;97;TAMPA PCO 26MM - NORMAL :: PRETO;COMERCIAL ALFA LTDA;ALFA;RECIFE/PE;VENDEDOR A;28,35,42;Boleto;UNID;20200;0,068;;1.373,60;1.442,28
NFe 2151;1162;11/06/2026 17:11:30;439;FRASCO 500ML - PET :: TRANSPARENTE;COMERCIAL ALFA LTDA;ALFA;RECIFE/PE;VENDEDOR A;28,35,42;Boleto;UNID;1100;0,850;;935,00;935,00
NFe 2151;1162;11/06/2026 17:11:30;443;TAMPA PCO 38MM COM LACRE - NORMAL :: BRANCO;COMERCIAL ALFA LTDA;ALFA;RECIFE/PE;VENDEDOR A;28,35,42;Boleto;UNID;15400;0,110;;1.694,00;1.778,70
NFe 2152;1163;12/06/2026 07:36:19;97;TAMPA PCO 26MM - NORMAL :: PRETO;COMERCIAL ALFA LTDA;ALFA;RECIFE/PE;VENDEDOR A;28,35,42;Boleto;UNID;-20.200;0,068;;-1.373,60;-1.442,28
NFe 2152;1163;12/06/2026 07:36:19;439;FRASCO 500ML - PET :: TRANSPARENTE;COMERCIAL ALFA LTDA;ALFA;RECIFE/PE;VENDEDOR A;28,35,42;Boleto;UNID;-1.100;0,850;;-935,00;-935,00
NFe 2152;1163;12/06/2026 07:36:19;443;TAMPA PCO 38MM COM LACRE - NORMAL :: BRANCO;COMERCIAL ALFA LTDA;ALFA;RECIFE/PE;VENDEDOR A;28,35,42;Boleto;UNID;-15.400;0,110;;-1.694,00;-1.778,70
NFe 2153;1164;13/06/2026 02:33:34;443;TAMPA PCO 38MM COM LACRE - NORMAL :: BRANCO;COMERCIAL ALFA LTDA;ALFA;RECIFE/PE;VENDEDOR A;28,35,42;Boleto;UNID;14200;0,110;;1.562,00;1.640,10
NFe 2154;1165;13/06/2026 12:51:05;439;FRASCO 500ML - PET :: TRANSPARENTE;COMERCIAL ALFA LTDA;ALFA;RECIFE/PE;VENDEDOR A;28,35,42;Boleto;UNID;4400;0,850;;3.740,00;3.740,00
NFe 2154;1165;13/06/2026 12:51:05;443;TAMPA PCO 38MM COM LACRE - NORMAL :: BRANCO;COMERCIAL ALFA LTDA;ALFA;RECIFE/PE;VENDEDOR A;28,35,42;Boleto;UNID;18900;0,110;;2.079,00;2.182,95
NFe 2155;1166;13/06/2026 22:06:51;97;TAMPA PCO 26MM - NORMAL :: PRETO;DISTRIBUIDORA BETA S/A;BETA;OLINDA/PE;VENDEDOR B;21,28,35;Boleto;UNID;16000;0,068;;1.088,00;1.142,40
NFe 2155;1166;13/06/2026 22:06:51;212;DOSADORA R2 28/43 - PADRAO :: AZUL;DISTRIBUIDORA BETA S/A;BETA;OLINDA/PE;VENDEDOR B;21,28,35;Boleto;UNID;800;0,250;;200,00;210,00
NFe 2156;1167;14/06/2026 11:28:44;439;FRASCO 500ML - PET :: TRANSPARENTE;EMBALAGENS DELTA ME;DELTA;JABOATAO/PE;VENDEDOR B;28,35,42;Boleto;UNID;33800;0,850;;28.730,00;28.730,00
NFe 2156;1167;14/06/2026 11:28:44;443;TAMPA PCO 38MM COM LACRE - NORMAL :: BRANCO;EMBALAGENS DELTA ME;DELTA;JABOATAO/PE;VENDEDOR B;28,35,42;Boleto;UNID;30900;0,110;;3.399,00;3.568,95
NFe 2157;1168;14/06/2026 16:48:04;443;TAMPA PCO 38MM COM LACRE - NORMAL :: BRANCO;INDUSTRIA GAMA LTDA;GAMA;CARUARU/PE;VENDEDOR B;28,35,42;Boleto;UNID;16800;0,110;;1.848,00;1.940,40
NFe 2157;1168;14/06/2026 16:48:04;212;DOSADORA R2 28/43 - PADRAO :: AZUL;INDUSTRIA GAMA LTDA;GAMA;CARUARU/PE;VENDEDOR B;28,35,42;Boleto;UNID;15400;0,250;;3.850,00;4.042,50
NFe 2158;1169;15/06/2026 09:24:54;97;TAMPA PCO 26MM - NORMAL :: PRETO;COMERCIAL ALFA LTDA;ALFA;RECIFE/PE;VENDEDOR A;28,35,42;Boleto;UNID;10700;0,068;;727,60;763,98
NFe 2158;1169;15/06/2026 09:24:54;439;FRASCO 500ML - PET :: TRANSPARENTE;COMERCIAL ALFA LTDA;ALFA;RECIFE/PE;VENDEDOR A;28,35,42;Boleto;UNID;30800;0,850;;26.180,00;26.180,00
NFe 2159;1170;16/06/2026 03:36:37;443;TAMPA PCO 38MM COM LACRE - NORMAL :: BRANCO;COMERCIAL ALFA LTDA;ALFA;RECIFE/PE;VENDEDOR A;38,45,52;Boleto;UNID;15400;0,110;;1.694,00;1.778,70
NFe 2159;1170;16/06/2026 03:36:37;212;DOSADORA R2 28/43 - PADRAO :: AZUL;COMERCIAL ALFA LTDA;ALFA;RECIFE/PE;VENDEDOR A;38,45,52;Boleto;UNID;35900;0,250;;8.975,00;9.423,75
NFe 2160;1171;16/06/2026 07:29:31;439;FRASCO 500ML - PET :: TRANSPARENTE;COMERCIAL ALFA LTDA;ALFA;RECIFE/PE;VENDEDOR A;28,35,42;Boleto;UNID;12800;0,850;;10.880,00;10.880,00
NFe 2161;1172;16/06/2026 17:11:40;212;DOSADORA R2 28/43 - PADRAO :: AZUL;EMBALAGENS DELTA ME;DELTA;JABOATAO/PE;VENDEDOR B;21,28,35;Boleto;UNID;21000;0,250;;5.250,00;5.512,50
NFe 2161;1172;16/06/2026 17:11:40;439;FRASCO 500ML - PET :: TRANSPARENTE;EMBALAGENS DELTA ME;DELTA;JABOATAO/PE;VENDEDOR B;21,28,35;Boleto;UNID;27800;0,850;;23.630,00;23.630,00
NFe 2162;1173;17/06/2026 11:11:38;97;TAMPA PCO 26MM - NORMAL :: PRETO;COMERCIAL ALFA LTDA;ALFA;RECIFE/PE;VENDEDOR A;21,28,35;Boleto;UNID;39800;0,068;;2.706,40;2.841,72
NFe 2162;1173;17/06/2026 11:11:38;212;DOSADORA R2 28/43 - PADRAO :: AZUL;COMERCIAL ALFA LTDA;ALFA;RECIFE/PE;VENDEDOR A;21,28,35;Boleto;UNID;13200;0,250;;3.300,00;3.465,00
NFe 2163;1174;17/06/2026 23:22:19;212;DOSADORA R2 28/43 - PADRAO :: AZUL;DISTRIBUIDORA BETA S/A;BETA;OLINDA/PE;VENDEDOR B;38,45,52;Boleto;UNID;5900;0,250;;1.475,00;1.548,75
NFe 2163;1174;17/06/2026 23:22:19;443;TAMPA PCO 38MM COM LACRE - NORMAL :: BRANCO;DISTRIBUIDORA BETA S/A;BETA;OLINDA/PE;VENDEDOR B;38,45,52;Boleto;UNID;1000;0,110;;110,00;115,50
NFe 2163;1174;17/06/2026 23:22:19;439;FRASCO 500ML - PET :: TRANSPARENTE;DISTRIBUIDORA BETA S/A;BETA;OLINDA/PE;VENDEDOR B;38,45,52;Boleto;UNID;5500;0,850;;4.675,00;4.675,00
NFe 2164;1175;18/06/2026 08:36:51;443;TAMPA PCO 38MM COM LACRE - NORMAL :: BRANCO;DISTRIBUIDORA BETA S/A;BETA;OLINDA/PE;VENDEDOR B;38,45,52;Boleto;UNID;20500;0,110;;2.255,00;2.367,75
NFe 2164;1175;18/06/2026 08:36:51;212;DOSADORA R2 28/43 - PADRAO :: AZUL;DISTRIBUIDORA BETA S/A;BETA;OLINDA/PE;VENDEDOR B;38,45,52;Boleto;UNID;24200;0,250;;6.050,00;6.352,50
NFe 2164;1175;18/06/2026 08:36:51;439;FRASCO 500ML - PET :: TRANSPARENTE;DISTRIBUIDORA BETA S/A;BETA;OLINDA/PE;VENDEDOR B;38,45,52;Boleto;UNID;40000;0,850;;34.000,00;34.000,00
NFe 2165;1176;19/06/2026 04:21:23;439;FRASCO 500ML - PET :: TRANSPARENTE;ATACADO OMEGA LTDA;OMEGA;PAULISTA/PE;VENDEDOR C;28,35,42;Boleto;UNID;21700;0,850;;18.445,00;18.445,00
NFe 2166;1177;19/06/2026 07:29:16;212;DOSADORA R2 28/43 - PADRAO :: AZUL;COMERCIAL ALFA LTDA;ALFA;RECIFE/PE;VENDEDOR A;28,35,42;Boleto;UNID;27100;0,250;;6.775,00;7.113,75
NFe 2166;1177;19/06/2026 07:29:16;97;TAMPA PCO 26MM - NORMAL :: PRETO;COMERCIAL ALFA LTDA;ALFA;RECIFE/PE;VENDEDOR A;28,35,42;Boleto;UNID;25200;0,068;;1.713,60;1.799,28
NFe 2167;1178;19/06/2026 19:59:22;439;FRASCO 500ML - PET :: TRANSPARENTE;INDUSTRIA GAMA LTDA;GAMA;CARUARU/PE;VENDEDOR B;28,35,42;Boleto;UNID;2700;0,850;;2.295,00;2.295,00
NFe 2168;1179;20/06/2026 00:01:16;443;TAMPA PCO 38MM COM LACRE - NORMAL :: BRANCO;COMERCIAL ALFA LTDA;ALFA;RECIFE/PE;VENDEDOR A;21,28,35;Boleto;UNID;28700;0,110;;3.157,00;3.314,85
NFe 2168;1179;20/06/2026 00:01:16;439;FRASCO 500ML - PET :: TRANSPARENTE;COMERCIAL ALFA LTDA;ALFA;RECIFE/PE;VENDEDOR A;21,28,35;Boleto;UNID;8600;0,850;;7.310,00;7.310,00
NFe 2168;1179;20/06/2026 00:01:16;901;TAMPA ANTIGA 28MM SEM PADRAO;COMERCIAL ALFA LTDA;ALFA;RECIFE/PE;VENDEDOR A;21,28,35;Boleto;UNID;17400;0,068;;1.183,20;1.242,36
NFe 2169;1180;20/06/2026 18:28:45;212;DOSADORA R2 28/43 - PADRAO :: AZUL;COMERCIAL ALFA LTDA;ALFA;RECIFE/PE;VENDEDOR A;21,28,35;Boleto;UNID;20700;0,250;;5.175,00;5.433,75
NFe 2170;1181;20/06/2026 20:16:24;97;TAMPA PCO 26MM - NORMAL :: PRETO;COMERCIAL ALFA LTDA;ALFA;RECIFE/PE;VENDEDOR A;28,35,42;Boleto;UNID;11400;0,068;;775,20;813,96
NFe 2170;1181;20/06/2026 20:16:24;439;FRASCO 500ML - PET :: TRANSPARENTE;COMERCIAL ALFA LTDA;ALFA;RECIFE/PE;VENDEDOR A;28,35,42;Boleto;UNID;11000;0,850;;9.350,00;9.350,00
NFe 2171;1182;21/06/2026 06:05:09;443;TAMPA PCO 38MM COM LACRE - NORMAL :: BRANCO;COMERCIAL ALFA LTDA;ALFA;RECIFE/PE;VENDEDOR A;21,28,35;Boleto;UNID;10500;0,110;;1.155,00;1.212,75
NFe 2171;1182;21/06/2026 06:05:09;212;DOSADORA R2 28/43 - PADRAO :: AZUL;COMERCIAL ALFA LTDA;ALFA;RECIFE/PE;VENDEDOR A;21,28,35;Boleto;UNID;23900;0,250;;5.975,00;6.273,75
NFe 2171;1182;21/06/2026 06:05:09;439;FRASCO 500ML - PET :: TRANSPARENTE;COMERCIAL ALFA LTDA;ALFA;RECIFE/PE;VENDEDOR A;21,28,35;Boleto;UNID;6300;0,850;;5.355,00;5.355,00
NFe 2172;1183;21/06/2026 15:48:04;212;DOSADORA R2 28/43 - PADRAO :: AZUL;ATACADO OMEGA LTDA;OMEGA;PAULISTA/PE;VENDEDOR C;28,35,42;Boleto;UNID;30500;0,250;;7.625,00;8.006,25
NFe 2172;1183;21/06/2026 15:48:04;439;FRASCO 500ML - PET :: TRANSPARENTE;ATACADO OMEGA LTDA;OMEGA;PAULISTA/PE;VENDEDOR C;28,35,42;Boleto;UNID;6300;0,850;;5.355,00;5.355,00
NFe 2172;1183;21/06/2026 15:48:04;443;TAMPA PCO 38MM COM LACRE - NORMAL :: BRANCO;ATACADO OMEGA LTDA;OMEGA;PAULISTA/PE;VENDEDOR C;28,35,42;Boleto;UNID;18300;0,110;;2.013,00;2.113,65
NFe 2173;1184;22/06/2026 04:42:33;97;TAMPA PCO 26MM - NORMAL :: PRETO;EMBALAGENS DELTA ME;DELTA;JABOATAO/PE;VENDEDOR B;38,45,52;Boleto;UNID;7300;0,068;;496,40;521,22
NFe 2173;1184;22/06/2026 04:42:33;439;FRASCO 500ML - PET :: TRANSPARENTE;EMBALAGENS DELTA ME;DELTA;JABOATAO/PE;VENDEDOR B;38,45,52;Boleto;UNID;16500;0,850;;14.025,00;14.025,00
NFe 2174;1185;22/06/2026 08:57:52;212;DOSADORA R2 28/43 - PADRAO :: AZUL;COMERCIAL ALFA LTDA;ALFA;RECIFE/PE;VENDEDOR A;21,28,35;Boleto;UNID;29900;0,250;;7.475,00;7.848,75
NFe 2174;1185;22/06/2026 08:57:52;443;TAMPA PCO 38MM COM LACRE - NORMAL :: BRANCO;COMERCIAL ALFA LTDA;ALFA;RECIFE/PE;VENDEDOR A;21,28,35;Boleto;UNID;20100;0,110;;2.211,00;2.321,55
NFe 2174;1185;22/06/2026 08:57:52;97;TAMPA PCO 26MM - NORMAL :: PRETO;COMERCIAL ALFA LTDA;ALFA;RECIFE/PE;VENDEDOR A;21,28,35;Boleto;UNID;22100;0,068;;1.502,80;1.577,94
NFe 2175;1186;22/06/2026 15:29:32;443;TAMPA PCO 38MM COM LACRE - NORMAL :: BRANCO;ATACADO OMEGA LTDA;OMEGA;PAULISTA/PE;VENDEDOR C;21,28,35;Boleto;UNID;7600;0,110;;836,00;877,80
NFe 2175;1186;22/06/2026 15:29:32;212;DOSADORA R2 28/43 - PADRAO :: AZUL;ATACADO OMEGA LTDA;OMEGA;PAULISTA/PE;VENDEDOR C;21,28,35;Boleto;UNID;10000;0,250;;2.500,00;2.625,00
NFe 2175;1186;22/06/2026 15:29:32;439;FRASCO 500ML - PET :: TRANSPARENTE;ATACADO OMEGA LTDA;OMEGA;PAULISTA/PE;VENDEDOR C;21,28,35;Boleto;UNID;16600;0,850;;14.110,00;14.110,00
NFe 2176;1187;23/06/2026 07:08:35;443;TAMPA PCO 38MM COM LACRE - NORMAL :: BRANCO;ATACADO OMEGA LTDA;OMEGA;PAULISTA/PE;VENDEDOR C;28,35,42;Boleto;UNID;20100;0,110;;2.211,00;2.321,55
NFe 2177;1188;24/06/2026 01:41:16;212;DOSADORA R2 28/43 - PADRAO :: AZUL;INDUSTRIA GAMA LTDA;GAMA;CARUARU/PE;VENDEDOR B;28,35,42;Boleto;UNID;4700;0,250;;1.175,00;1.233,75
NFe 2177;1188;24/06/2026 01:41:16;443;TAMPA PCO 38MM COM LACRE - NORMAL :: BRANCO;INDUSTRIA GAMA LTDA;GAMA;CARUARU/PE;VENDEDOR B;28,35,42;Boleto;UNID;29400;0,110;;3.234,00;3.395,70
NFe 2177;1188;24/06/2026 01:41:16;97;TAMPA PCO 26MM - NORMAL :: PRETO;INDUSTRIA GAMA LTDA;GAMA;CARUARU/PE;VENDEDOR B;28,35,42;Boleto;UNID;2000;0,068;;136,00;142,80
NFe 2178;1189;24/06/2026 09:59:18;212;DOSADORA R2 28/43 - PADRAO :: AZUL;DISTRIBUIDORA BETA S/A;BETA;OLINDA/PE;VENDEDOR B;21,28,35;Boleto;UNID;26600;0,250;;6.650,00;6.982,50
NFe 2178;1189;24/06/2026 09:59:18;439;FRASCO 500ML - PET :: TRANSPARENTE;DISTRIBUIDORA BETA S/A;BETA;OLINDA/PE;VENDEDOR B;21,28,35;Boleto;UNID;6200;0,850;;5.270,00;5.270,00
NFe 2179;1190;25/06/2026 05:06:35;97;TAMPA PCO 26MM - NORMAL :: PRETO;ATACADO OMEGA LTDA;OMEGA;PAULISTA/PE;VENDEDOR C;28,35,42;Boleto;UNID;28400;0,068;;1.931,20;2.027,76
NFe 2179;1190;25/06/2026 05:06:35;439;FRASCO 500ML - PET :: TRANSPARENTE;ATACADO OMEGA LTDA;OMEGA;PAULISTA/PE;VENDEDOR C;28,35,42;Boleto;UNID;11600;0,850;;9.860,00;9.860,00
NFe 2179;1190;25/06/2026 05:06:35;443;TAMPA PCO 38MM COM LACRE - NORMAL :: BRANCO;ATACADO OMEGA LTDA;OMEGA;PAULISTA/PE;VENDEDOR C;28,35,42;Boleto;UNID;22200;0,110;;2.442,00;2.564,10
NFe 2180;1191;25/06/2026 09:54:28;439;FRASCO 500ML - PET :: TRANSPARENTE;COMERCIAL ALFA LTDA;ALFA;RECIFE/PE;VENDEDOR A;21,28,35;Boleto;UNID;4900;0,850;;4.165,00;4.165,00
NFe 2180;1191;25/06/2026 09:54:28;443;TAMPA PCO 38MM COM LACRE - NORMAL :: BRANCO;COMERCIAL ALFA LTDA;ALFA;RECIFE/PE;VENDEDOR A;21,28,35;Boleto;UNID;22900;0,110;;2.519,00;2.644,95
NFe 2181;1192;25/06/2026 14:44:19;439;FRASCO 500ML - PET :: TRANSPARENTE;EMBALAGENS DELTA ME;DELTA;JABOATAO/PE;VENDEDOR B;38,45,52;Boleto;UNID;8900;0,850;;7.565,00;7.565,00
NFe 2181;1192;25/06/2026 14:44:19;212;DOSADORA R2 28/43 - PADRAO :: AZUL;EMBALAGENS DELTA ME;DELTA;JABOATAO/PE;VENDEDOR B;38,45,52;Boleto;UNID;32000;0,250;;8.000,00;8.400,00
NFe 2181;1192;25/06/2026 14:44:19;443;TAMPA PCO 38MM COM LACRE - NORMAL :: BRANCO;EMBALAGENS DELTA ME;DELTA;JABOATAO/PE;VENDEDOR B;38,45,52;Boleto;UNID;7600;0,110;;836,00;877,80
NFe 2182;1193;25/06/2026 22:36:32;443;TAMPA PCO 38MM COM LACRE - NORMAL :: BRANCO;DISTRIBUIDORA BETA S/A;BETA;OLINDA/PE;VENDEDOR B;38,45,52;Boleto;UNID;36500;0,110;;4.015,00;4.215,75
NFe 2182;1193;25/06/2026 22:36:32;212;DOSADORA R2 28/43 - PADRAO :: AZUL;DISTRIBUIDORA BETA S/A;BETA;OLINDA/PE;VENDEDOR B;38,45,52;Boleto;UNID;15400;0,250;;3.850,00;4.042,50
NFe 2183;1194;26/06/2026 09:12:49;443;TAMPA PCO 38MM COM LACRE - NORMAL :: BRANCO;DISTRIBUIDORA BETA S/A;BETA;OLINDA/PE;VENDEDOR B;38,45,52;Boleto;UNID;38900;0,110;;4.279,00;4.492,95
NFe 2184;1195;27/06/2026 00:10:52;443;TAMPA PCO 38MM COM LACRE - NORMAL :: BRANCO;ATACADO OMEGA LTDA;OMEGA;PAULISTA/PE;VENDEDOR C;21,28,35;Boleto;UNID;36900;0,110;;4.059,00;4.261,95
NFe 2184;1195;27/06/2026 00:10:52;97;TAMPA PCO 26MM - NORMAL :: PRETO;ATACADO OMEGA LTDA;OMEGA;PAULISTA/PE;VENDEDOR C;21,28,35;Boleto;UNID;16900;0,068;;1.149,20;1.206,66
NFe 2184;1195;27/06/2026 00:10:52;439;FRASCO 500ML - PET :: TRANSPARENTE;ATACADO OMEGA LTDA;OMEGA;PAULISTA/PE;VENDEDOR C;21,28,35;Boleto;UNID;13100;0,850;;11.135,00;11.135,00
NFe 2185;1196;27/06/2026 13:42:01;212;DOSADORA R2 28/43 - PADRAO :: AZUL;COMERCIAL ALFA LTDA;ALFA;RECIFE/PE;VENDEDOR A;28,35,42;Boleto;UNID;32900;0,250;;8.225,00;8.636,25
NFe 2185;1196;27/06/2026 13:42:01;97;TAMPA PCO 26MM - NORMAL :: PRETO;COMERCIAL ALFA LTDA;ALFA;RECIFE/PE;VENDEDOR A;28,35,42;Boleto;UNID;39800;0,068;;2.706,40;2.841,72
NFe 2186;1197;27/06/2026 17:07:33;212;DOSADORA R2 28/43 - PADRAO :: AZUL;INDUSTRIA GAMA LTDA;GAMA;CARUARU/PE;VENDEDOR B;28,35,42;Boleto;UNID;30200;0,250;;7.550,00;7.927,50
NFe 2186;1197;27/06/2026 17:07:33;443;TAMPA PCO 38MM COM LACRE - NORMAL :: BRANCO;INDUSTRIA GAMA LTDA;GAMA;CARUARU/PE;VENDEDOR B;28,35,42;Boleto;UNID;600;0,110;;66,00;69,30
NFe 2187;1198;27/06/2026 20:54:02;212;DOSADORA R2 28/43 - PADRAO :: AZUL;INDUSTRIA GAMA LTDA;GAMA;CARUARU/PE;VENDEDOR B;21,28,35;Boleto;UNID;11300;0,250;;2.825,00;2.966,25
NFe 2187;1198;27/06/2026 20:54:02;97;TAMPA PCO 26MM - NORMAL :: PRETO;INDUSTRIA GAMA LTDA;GAMA;CARUARU/PE;VENDEDOR B;21,28,35;Boleto;UNID;25800;0,068;;1.754,40;1.842,12
NFe 2187;1198;27/06/2026 20:54:02;443;TAMPA PCO 38MM COM LACRE - NORMAL :: BRANCO;INDUSTRIA GAMA LTDA;GAMA;CARUARU/PE;VENDEDOR B;21,28,35;Boleto;UNID;14200;0,110;;1.562,00;1.640,10
NFe 2188;1199;28/06/2026 08:47:20;439;FRASCO 500ML - PET :: TRANSPARENTE;DISTRIBUIDORA BETA S/A;BETA;OLINDA/PE;VENDEDOR B;38,45,52;Boleto;UNID;39500;0,850;;33.575,00;33.575,00
NFe 2188;1199;28/06/2026 08:47:20;212;DOSADORA R2 28/43 - PADRAO :: AZUL;DISTRIBUIDORA BETA S/A;BETA;OLINDA/PE;VENDEDOR B;38,45,52;Boleto;UNID;2900;0,250;;725,00;761,25
NFe 2189;1200;28/06/2026 10:54:00;212;DOSADORA R2 28/43 - PADRAO :: AZUL;DISTRIBUIDORA BETA S/A;BETA;OLINDA/PE;VENDEDOR B;21,28,35;Boleto;UNID;23800;0,250;;5.950,00;6.247,50
NFe 2190;1201;28/06/2026 12:21:12;443;TAMPA PCO 38MM COM LACRE - NORMAL :: BRANCO;ATACADO OMEGA LTDA;OMEGA;PAULISTA/PE;VENDEDOR C;38,45,52;Boleto;UNID;5200;0,110;;572,00;600,60
NFe 2190;1201;28/06/2026 12:21:12;212;DOSADORA R2 28/43 - PADRAO :: AZUL;ATACADO OMEGA LTDA;OMEGA;PAULISTA/PE;VENDEDOR C;38,45,52;Boleto;UNID;34000;0,250;;8.500,00;8.925,00
NFe 2191;1202;29/06/2026 00:37:17;212;DOSADORA R2 28/43 - PADRAO :: AZUL;ATACADO OMEGA LTDA;OMEGA;PAULISTA/PE;VENDEDOR C;21,28,35;Boleto;UNID;32500;0,250;;8.125,00;8.531,25
NFe 2192;1203;29/06/2026 11:24:01;97;TAMPA PCO 26MM - NORMAL :: PRETO;COMERCIAL ALFA LTDA;ALFA;RECIFE/PE;VENDEDOR A;21,28,35;Boleto;UNID;24900;0,068;;1.693,20;1.777,86
NFe 2192;1203;29/06/2026 11:24:01;212;DOSADORA R2 28/43 - PADRAO :: AZUL;COMERCIAL ALFA LTDA;ALFA;RECIFE/PE;VENDEDOR A;21,28,35;Boleto;UNID;4400;0,250;;1.100,00;1.155,00
NFe 2192;1203;29/06/2026 11:24:01;439;FRASCO 500ML - PET :: TRANSPARENTE;COMERCIAL ALFA LTDA;ALFA;RECIFE/PE;VENDEDOR A;21,28,35;Boleto;UNID;7200;0,850;;6.120,00;6.120,00
NFe 2193;1204;30/06/2026 06:38:34;97;TAMPA PCO 26MM - NORMAL :: PRETO;COMERCIAL ALFA LTDA;ALFA;RECIFE/PE;VENDEDOR A;38,45,52;Boleto;UNID;36000;0,068;;2.448,00;2.570,40
NFe 2193;1204;30/06/2026 06:38:34;443;TAMPA PCO 38MM COM LACRE - NORMAL :: BRANCO;COMERCIAL ALFA LTDA;ALFA;RECIFE/PE;VENDEDOR A;38,45,52;Boleto;UNID;7200;0,110;;792,00;831,60
NFe 2194;1205;30/06/2026 22:42:48;439;FRASCO 500ML - PET :: TRANSPARENTE;INDUSTRIA GAMA LTDA;GAMA;CARUARU/PE;VENDEDOR B;21,28,35;Boleto;UNID;19300;0,850;;16.405,00;16.405,00
NFe 2195;1206;01/07/2026 08:51:12;443;TAMPA PCO 38MM COM LACRE - NORMAL :: BRANCO;EMBALAGENS DELTA ME;DELTA;JABOATAO/PE;VENDEDOR B;21,28,35;Boleto;UNID;31700;0,110;;3.487,00;3.661,35
NFe 2195;1206;01/07/2026 08:51:12;97;TAMPA PCO 26MM - NORMAL :: PRETO;EMBALAGENS DELTA ME;DELTA;JABOATAO/PE;VENDEDOR B;21,28,35;Boleto;UNID;33700;0,068;;2.291,60;2.406,18
NFe 2195;1206;01/07/2026 08:51:12;439;FRASCO 500ML - PET :: TRANSPARENTE;EMBALAGENS DELTA ME;DELTA;JABOATAO/PE;VENDEDOR B;21,28,35;Boleto;UNID;8900;0,850;;7.565,00;7.565,00
NFe 2196;1207;02/07/2026 00:13:58;212;DOSADORA R2 28/43 - PADRAO :: AZUL;EMBALAGENS DELTA ME;DELTA;JABOATAO/PE;VENDEDOR B;28,35,42;Boleto;UNID;5600;0,250;;1.400,00;1.470,00
NFe 2196;1207;02/07/2026 00:13:58;97;TAMPA PCO 26MM - NORMAL :: PRETO;EMBALAGENS DELTA ME;DELTA;JABOATAO/PE;VENDEDOR B;28,35,42;Boleto;UNID;7600;0,068;;516,80;542,64
NFe 2196;1207;02/07/2026 00:13:58;439;FRASCO 500ML - PET :: TRANSPARENTE;EMBALAGENS DELTA ME;DELTA;JABOATAO/PE;VENDEDOR B;28,35,42;Boleto;UNID;39000;0,850;;33.150,00;33.150,00
NFe 2197;1208;02/07/2026 04:51:44;443;TAMPA PCO 38MM COM LACRE - NORMAL :: BRANCO;ATACADO OMEGA LTDA;OMEGA;PAULISTA/PE;VENDEDOR C;28,35,42;Boleto;UNID;14600;0,110;;1.606,00;1.686,30
NFe 2198;1209;02/07/2026 08:07:19;97;TAMPA PCO 26MM - NORMAL :: PRETO;INDUSTRIA GAMA LTDA;GAMA;CARUARU/PE;VENDEDOR B;28,35,42;Boleto;UNID;11000;0,068;;748,00;785,40
NFe 2198;1209;02/07/2026 08:07:19;439;FRASCO 500ML - PET :: TRANSPARENTE;INDUSTRIA GAMA LTDA;GAMA;CARUARU/PE;VENDEDOR B;28,35,42;Boleto;UNID;27000;0,850;;22.950,00;22.950,00
NFe 2198;1209;02/07/2026 08:07:19;443;TAMPA PCO 38MM COM LACRE - NORMAL :: BRANCO;INDUSTRIA GAMA LTDA;GAMA;CARUARU/PE;VENDEDOR B;28,35,42;Boleto;UNID;31500;0,110;;3.465,00;3.638,25
NFe 2199;1210;03/07/2026 01:20:06;212;DOSADORA R2 28/43 - PADRAO :: AZUL;INDUSTRIA GAMA LTDA;GAMA;CARUARU/PE;VENDEDOR B;21,28,35;Boleto;UNID;12800;0,250;;3.200,00;3.360,00
NFe 2199;1210;03/07/2026 01:20:06;97;TAMPA PCO 26MM - NORMAL :: PRETO;INDUSTRIA GAMA LTDA;GAMA;CARUARU/PE;VENDEDOR B;21,28,35;Boleto;UNID;26000;0,068;;1.768,00;1.856,40
NFe 2200;1211;03/07/2026 21:24:39;443;TAMPA PCO 38MM COM LACRE - NORMAL :: BRANCO;COMERCIAL ALFA LTDA;ALFA;RECIFE/PE;VENDEDOR A;28,35,42;Boleto;UNID;29600;0,110;;3.256,00;3.418,80
NFe 2200;1211;03/07/2026 21:24:39;212;DOSADORA R2 28/43 - PADRAO :: AZUL;COMERCIAL ALFA LTDA;ALFA;RECIFE/PE;VENDEDOR A;28,35,42;Boleto;UNID;22000;0,250;;5.500,00;5.775,00
NFe 2201;1212;04/07/2026 09:59:22;97;TAMPA PCO 26MM - NORMAL :: PRETO;DISTRIBUIDORA BETA S/A;BETA;OLINDA/PE;VENDEDOR B;21,28,35;Boleto;UNID;1200;0,068;;81,60;85,68
NFe 2202;1213;04/07/2026 19:12:24;439;FRASCO 500ML - PET :: TRANSPARENTE;ATACADO OMEGA LTDA;OMEGA;PAULISTA/PE;VENDEDOR C;28,35,42;Boleto;UNID;22100;0,850;;18.785,00;18.785,00
NFe 2202;1213;04/07/2026 19:12:24;212;DOSADORA R2 28/43 - PADRAO :: AZUL;ATACADO OMEGA LTDA;OMEGA;PAULISTA/PE;VENDEDOR C;28,35,42;Boleto;UNID;36400;0,250;;9.100,00;9.555,00
NFe 2202;1213;04/07/2026 19:12:24;443;TAMPA PCO 38MM COM LACRE - NORMAL :: BRANCO;ATACADO OMEGA LTDA;OMEGA;PAULISTA/PE;VENDEDOR C;28,35,42;Boleto;UNID;21000;0,110;;2.310,00;2.425,50
NFe 2203;1214;04/07/2026 22:52:58;97;TAMPA PCO 26MM - NORMAL :: PRETO;COMERCIAL ALFA LTDA;ALFA;RECIFE/PE;VENDEDOR A;21,28,35;Boleto;UNID;10900;0,068;;741,20;778,26
NFe 2203;1214;04/07/2026 22:52:58;439;FRASCO 500ML - PET :: TRANSPARENTE;COMERCIAL ALFA LTDA;ALFA;RECIFE/PE;VENDEDOR A;21,28,35;Boleto;UNID;8400;0,850;;7.140,00;7.140,00
NFe 2204;1215;05/07/2026 17:13:23;97;TAMPA PCO 26MM - NORMAL :: PRETO;EMBALAGENS DELTA ME;DELTA;JABOATAO/PE;VENDEDOR B;38,45,52;Boleto;UNID;37800;0,068;;2.570,40;2.698,92
NFe 2204;1215;05/07/2026 17:13:23;443;TAMPA PCO 38MM COM LACRE - NORMAL :: BRANCO;EMBALAGENS DELTA ME;DELTA;JABOATAO/PE;VENDEDOR B;38,45,52;Boleto;UNID;12700;0,110;;1.397,00;1.466,85
NFe 2204;1215;05/07/2026 17:13:23;439;FRASCO 500ML - PET :: TRANSPARENTE;EMBALAGENS DELTA ME;DELTA;JABOATAO/PE;VENDEDOR B;38,45,52;Boleto;UNID;3400;0,850;;2.890,00;2.890,00
NFe 2205;1216;06/07/2026 01:19:22;439;FRASCO 500ML - PET :: TRANSPARENTE;DISTRIBUIDORA BETA S/A;BETA;OLINDA/PE;VENDEDOR B;38,45,52;Boleto;UNID;34600;0,850;;29.410,00;29.410,00
NFe 2206;1217;06/07/2026 07:26:22;439;FRASCO 500ML - PET :: TRANSPARENTE;INDUSTRIA GAMA LTDA;GAMA;CARUARU/PE;VENDEDOR B;21,28,35;Boleto;UNID;26900;0,850;;22.865,00;22.865,00
NFe 2206;1217;06/07/2026 07:26:22;212;DOSADORA R2 28/43 - PADRAO :: AZUL;INDUSTRIA GAMA LTDA;GAMA;CARUARU/PE;VENDEDOR B;21,28,35;Boleto;UNID;37400;0,250;;9.350,00;9.817,50
NFe 2207;1218;06/07/2026 16:36:45;97;TAMPA PCO 26MM - NORMAL :: PRETO;EMBALAGENS DELTA ME;DELTA;JABOATAO/PE;VENDEDOR B;28,35,42;Boleto;UNID;22400;0,068;;1.523,20;1.599,36
NFe 2207;1218;06/07/2026 16:36:45;212;DOSADORA R2 28/43 - PADRAO :: AZUL;EMBALAGENS DELTA ME;DELTA;JABOATAO/PE;VENDEDOR B;28,35,42;Boleto;UNID;14400;0,250;;3.600,00;3.780,00
NFe 2207;1218;06/07/2026 16:36:45;443;TAMPA PCO 38MM COM LACRE - NORMAL :: BRANCO;EMBALAGENS DELTA ME;DELTA;JABOATAO/PE;VENDEDOR B;28,35,42;Boleto;UNID;27300;0,110;;3.003,00;3.153,15
NFe 2208;1219;06/07/2026 19:53:30;439;FRASCO 500ML - PET :: TRANSPARENTE;INDUSTRIA GAMA LTDA;GAMA;CARUARU/PE;VENDEDOR B;28,35,42;Boleto;UNID;26000;0,850;;22.100,00;22.100,00
NFe 2208;1219;06/07/2026 19:53:30;901;TAMPA ANTIGA 28MM SEM PADRAO;INDUSTRIA GAMA LTDA;GAMA;CARUARU/PE;VENDEDOR B;28,35,42;Boleto;UNID;29500;0,068;;2.006,00;2.106,30
NFe 2209;1220;07/07/2026 02:16:40;97;TAMPA PCO 26MM - NORMAL :: PRETO;COMERCIAL ALFA LTDA;ALFA;RECIFE/PE;VENDEDOR A;38,45,52;Boleto;UNID;2700;0,068;;183,60;192,78
NFe 2209;1220;07/07/2026 02:16:40;212;DOSADORA R2 28/43 - PADRAO :: AZUL;COMERCIAL ALFA LTDA;ALFA;RECIFE/PE;VENDEDOR A;38,45,52;Boleto;UNID;1100;0,250;;275,00;288,75
NFe 2209;1220;07/07/2026 02:16:40;439;FRASCO 500ML - PET :: TRANSPARENTE;COMERCIAL ALFA LTDA;ALFA;RECIFE/PE;VENDEDOR A;38,45,52;Boleto;UNID;13000;0,850;;11.050,00;11.050,00
NFe 2210;1221;07/07/2026 04:47:03;212;DOSADORA R2 28/43 - PADRAO :: AZUL;COMERCIAL ALFA LTDA;ALFA;RECIFE/PE;VENDEDOR A;21,28,35;Boleto;UNID;13200;0,250;;3.300,00;3.465,00
NFe 2210;1221;07/07/2026 04:47:03;97;TAMPA PCO 26MM - NORMAL :: PRETO;COMERCIAL ALFA LTDA;ALFA;RECIFE/PE;VENDEDOR A;21,28,35;Boleto;UNID;21800;0,068;;1.482,40;1.556,52
NFe 2210;1221;07/07/2026 04:47:03;443;TAMPA PCO 38MM COM LACRE - NORMAL :: BRANCO;COMERCIAL ALFA LTDA;ALFA;RECIFE/PE;VENDEDOR A;21,28,35;Boleto;UNID;37300;0,110;;4.103,00;4.308,15
NFe 2211;1222;07/07/2026 16:04:55;212;DOSADORA R2 28/43 - PADRAO :: AZUL;COMERCIAL ALFA LTDA;ALFA;RECIFE/PE;VENDEDOR A;21,28,35;Boleto;UNID;-13.200;0,250;;-3.300,00;-3.465,00
NFe 2211;1222;07/07/2026 16:04:55;97;TAMPA PCO 26MM - NORMAL :: PRETO;COMERCIAL ALFA LTDA;ALFA;RECIFE/PE;VENDEDOR A;21,28,35;Boleto;UNID;-21.800;0,068;;-1.482,40;-1.556,52
NFe 2211;1222;07/07/2026 16:04:55;443;TAMPA PCO 38MM COM LACRE - NORMAL :: BRANCO;COMERCIAL ALFA LTDA;ALFA;RECIFE/PE;VENDEDOR A;21,28,35;Boleto;UNID;-37.300;0,110;;-4.103,00;-4.308,15
NFe 2212;1223;08/07/2026 04:12:27;97;TAMPA PCO 26MM - NORMAL :: PRETO;COMERCIAL ALFA LTDA;ALFA;RECIFE/PE;VENDEDOR A;21,28,35;Boleto;UNID;24300;0,068;;1.652,40;1.735,02
NFe 2212;1223;08/07/2026 04:12:27;443;TAMPA PCO 38MM COM LACRE - NORMAL :: BRANCO;COMERCIAL ALFA LTDA;ALFA;RECIFE/PE;VENDEDOR A;21,28,35;Boleto;UNID;14900;0,110;;1.639,00;1.720,95
NFe 2212;1223;08/07/2026 04:12:27;212;DOSADORA R2 28/43 - PADRAO :: AZUL;COMERCIAL ALFA LTDA;ALFA;RECIFE/PE;VENDEDOR A;21,28,35;Boleto;UNID;16400;0,250;;4.100,00;4.305,00
NFe 2213;1224;08/07/2026 15:18:02;439;FRASCO 500ML - PET :: TRANSPARENTE;COMERCIAL ALFA LTDA;ALFA;RECIFE/PE;VENDEDOR A;28,35,42;Boleto;UNID;24200;0,850;;20.570,00;20.570,00
NFe 2213;1224;08/07/2026 15:18:02;212;DOSADORA R2 28/43 - PADRAO :: AZUL;COMERCIAL ALFA LTDA;ALFA;RECIFE/PE;VENDEDOR A;28,35,42;Boleto;UNID;19300;0,250;;4.825,00;5.066,25
NFe 2213;1224;08/07/2026 15:18:02;97;TAMPA PCO 26MM - NORMAL :: PRETO;COMERCIAL ALFA LTDA;ALFA;RECIFE/PE;VENDEDOR A;28,35,42;Boleto;UNID;30700;0,068;;2.087,60;2.191,98
NFe 2214;1225;09/07/2026 08:07:51;97;TAMPA PCO 26MM - NORMAL :: PRETO;ATACADO OMEGA LTDA;OMEGA;PAULISTA/PE;VENDEDOR C;21,28,35;Boleto;UNID;21400;0,068;;1.455,20;1.527,96
NFe 2215;1226;09/07/2026 09:22:25;97;TAMPA PCO 26MM - NORMAL :: PRETO;ATACADO OMEGA LTDA;OMEGA;PAULISTA/PE;VENDEDOR C;21,28,35;Boleto;UNID;19700;0,068;;1.339,60;1.406,58
NFe 2215;1226;09/07/2026 09:22:25;439;FRASCO 500ML - PET :: TRANSPARENTE;ATACADO OMEGA LTDA;OMEGA;PAULISTA/PE;VENDEDOR C;21,28,35;Boleto;UNID;38200;0,850;;32.470,00;32.470,00
NFe 2216;1227;09/07/2026 19:28:38;443;TAMPA PCO 38MM COM LACRE - NORMAL :: BRANCO;COMERCIAL ALFA LTDA;ALFA;RECIFE/PE;VENDEDOR A;28,35,42;Boleto;UNID;36900;0,110;;4.059,00;4.261,95
NFe 2217;1228;10/07/2026 04:33:40;439;FRASCO 500ML - PET :: TRANSPARENTE;ATACADO OMEGA LTDA;OMEGA;PAULISTA/PE;VENDEDOR C;38,45,52;Boleto;UNID;0,03870;850.000,00;;32.895,00;32.895,00
NFe 2217;1228;10/07/2026 04:33:40;443;TAMPA PCO 38MM COM LACRE - NORMAL :: BRANCO;ATACADO OMEGA LTDA;OMEGA;PAULISTA/PE;VENDEDOR C;38,45,52;Boleto;UNID;4800;0,110;;528,00;554,40
NFe 2218;1229;10/07/2026 23:40:12;97;TAMPA PCO 26MM - NORMAL :: PRETO;EMBALAGENS DELTA ME;DELTA;JABOATAO/PE;VENDEDOR B;21,28,35;Boleto;UNID;12600;0,068;;856,80;899,64
NFe 2218;1229;10/07/2026 23:40:12;443;TAMPA PCO 38MM COM LACRE - NORMAL :: BRANCO;EMBALAGENS DELTA ME;DELTA;JABOATAO/PE;VENDEDOR B;21,28,35;Boleto;UNID;15400;0,110;;1.694,00;1.778,70
NFe 2218;1229;10/07/2026 23:40:12;212;DOSADORA R2 28/43 - PADRAO :: AZUL;EMBALAGENS DELTA ME;DELTA;JABOATAO/PE;VENDEDOR B;21,28,35;Boleto;UNID;13800;0,250;;3.450,00;3.622,50
NFe 2219;1230;11/07/2026 11:40:03;212;DOSADORA R2 28/43 - PADRAO :: AZUL;ATACADO OMEGA LTDA;OMEGA;PAULISTA/PE;VENDEDOR C;28,35,42;Boleto;UNID;12400;0,250;;3.100,00;3.255,00
NFe 2219;1230;11/07/2026 11:40:03;443;TAMPA PCO 38MM COM LACRE - NORMAL :: BRANCO;ATACADO OMEGA LTDA;OMEGA;PAULISTA/PE;VENDEDOR C;28,35,42;Boleto;UNID;4300;0,110;;473,00;496,65
NFe 2220;1231;11/07/2026 18:48:52;212;DOSADORA R2 28/43 - PADRAO :: AZUL;COMERCIAL ALFA LTDA;ALFA;RECIFE/PE;VENDEDOR A;21,28,35;Boleto;UNID;24300;0,250;;6.075,00;6.378,75
NFe 2221;1232;12/07/2026 06:14:59;439;FRASCO 500ML - PET :: TRANSPARENTE;ATACADO OMEGA LTDA;OMEGA;PAULISTA/PE;VENDEDOR C;21,28,35;Boleto;UNID;14000;0,850;;11.900,00;11.900,00
NFe 2221;1232;12/07/2026 06:14:59;443;TAMPA PCO 38MM COM LACRE - NORMAL :: BRANCO;ATACADO OMEGA LTDA;OMEGA;PAULISTA/PE;VENDEDOR C;21,28,35;Boleto;UNID;6600;0,110;;726,00;762,30
NFe 2222;1233;12/07/2026 09:25:50;97;TAMPA PCO 26MM - NORMAL :: PRETO;ATACADO OMEGA LTDA;OMEGA;PAULISTA/PE;VENDEDOR C;38,45,52;Boleto;UNID;8000;0,068;;544,00;571,20
NFe 2222;1233;12/07/2026 09:25:50;212;DOSADORA R2 28/43 - PADRAO :: AZUL;ATACADO OMEGA LTDA;OMEGA;PAULISTA/PE;VENDEDOR C;38,45,52;Boleto;UNID;5100;0,250;;1.275,00;1.338,75
NFe 2222;1233;12/07/2026 09:25:50;443;TAMPA PCO 38MM COM LACRE - NORMAL :: BRANCO;ATACADO OMEGA LTDA;OMEGA;PAULISTA/PE;VENDEDOR C;38,45,52;Boleto;UNID;36900;0,110;;4.059,00;4.261,95
NFe 2223;1234;12/07/2026 17:48:15;97;TAMPA PCO 26MM - NORMAL :: PRETO;INDUSTRIA GAMA LTDA;GAMA;CARUARU/PE;VENDEDOR B;28,35,42;Boleto;UNID;21200;0,068;;1.441,60;1.513,68
NFe 2224;1235;13/07/2026 09:24:02;97;TAMPA PCO 26MM - NORMAL :: PRETO;COMERCIAL ALFA LTDA;ALFA;RECIFE/PE;VENDEDOR A;21,28,35;Boleto;UNID;1100;0,068;;74,80;78,54
NFe 2225;1236;13/07/2026 12:17:51;97;TAMPA PCO 26MM - NORMAL :: PRETO;COMERCIAL ALFA LTDA;ALFA;RECIFE/PE;VENDEDOR A;28,35,42;Boleto;UNID;30500;0,068;;2.074,00;2.177,70
NFe 2225;1236;13/07/2026 12:17:51;439;FRASCO 500ML - PET :: TRANSPARENTE;COMERCIAL ALFA LTDA;ALFA;RECIFE/PE;VENDEDOR A;28,35,42;Boleto;UNID;13700;0,850;;11.645,00;11.645,00
NFe 2226;1237;13/07/2026 15:18:55;439;FRASCO 500ML - PET :: TRANSPARENTE;INDUSTRIA GAMA LTDA;GAMA;CARUARU/PE;VENDEDOR B;21,28,35;Boleto;UNID;6700;0,850;;5.695,00;5.695,00
NFe 2227;1238;13/07/2026 17:47:58;212;DOSADORA R2 28/43 - PADRAO :: AZUL;DISTRIBUIDORA BETA S/A;BETA;OLINDA/PE;VENDEDOR B;38,45,52;Boleto;UNID;20000;0,250;;5.000,00;5.250,00
NFe 2227;1238;13/07/2026 17:47:58;97;TAMPA PCO 26MM - NORMAL :: PRETO;DISTRIBUIDORA BETA S/A;BETA;OLINDA/PE;VENDEDOR B;38,45,52;Boleto;UNID;35400;0,068;;2.407,20;2.527,56
NFe 2228;1239;14/07/2026 07:59:20;443;TAMPA PCO 38MM COM LACRE - NORMAL :: BRANCO;COMERCIAL ALFA LTDA;ALFA;RECIFE/PE;VENDEDOR A;28,35,42;Boleto;UNID;31900;0,110;;3.509,00;3.684,45
NFe 2228;1239;14/07/2026 07:59:20;97;TAMPA PCO 26MM - NORMAL :: PRETO;COMERCIAL ALFA LTDA;ALFA;RECIFE/PE;VENDEDOR A;28,35,42;Boleto;UNID;32200;0,068;;2.189,60;2.299,08
NFe 2229;1240;15/07/2026 04:15:01;97;TAMPA PCO 26MM - NORMAL :: PRETO;COMERCIAL ALFA LTDA;ALFA;RECIFE/PE;VENDEDOR A;38,45,52;Boleto;UNID;14800;0,068;;1.006,40;1.056,72
NFe 2229;1240;15/07/2026 04:15:01;212;DOSADORA R2 28/43 - PADRAO :: AZUL;COMERCIAL ALFA LTDA;ALFA;RECIFE/PE;VENDEDOR A;38,45,52;Boleto;UNID;20100;0,250;;5.025,00;5.276,25
NFe 2230;1241;15/07/2026 09:41:13;97;TAMPA PCO 26MM - NORMAL :: PRETO;EMBALAGENS DELTA ME;DELTA;JABOATAO/PE;VENDEDOR B;21,28,35;Boleto;UNID;25000;0,068;;1.700,00;1.785,00
NFe 2230;1241;15/07/2026 09:41:13;443;TAMPA PCO 38MM COM LACRE - NORMAL :: BRANCO;EMBALAGENS DELTA ME;DELTA;JABOATAO/PE;VENDEDOR B;21,28,35;Boleto;UNID;28300;0,110;;3.113,00;3.268,65
NFe 2230;1241;15/07/2026 09:41:13;439;FRASCO 500ML - PET :: TRANSPARENTE;EMBALAGENS DELTA ME;DELTA;JABOATAO/PE;VENDEDOR B;21,28,35;Boleto;UNID;25300;0,850;;21.505,00;21.505,00
NFe 2231;1242;15/07/2026 22:39:49;439;FRASCO 500ML - PET :: TRANSPARENTE;COMERCIAL ALFA LTDA;ALFA;RECIFE/PE;VENDEDOR A;21,28,35;Boleto;UNID;31000;0,850;;26.350,00;26.350,00
NFe 2232;1243;16/07/2026 06:41:46;439;FRASCO 500ML - PET :: TRANSPARENTE;COMERCIAL ALFA LTDA;ALFA;RECIFE/PE;VENDEDOR A;28,35,42;Boleto;UNID;8600;0,850;;7.310,00;7.310,00
NFe 2232;1243;16/07/2026 06:41:46;212;DOSADORA R2 28/43 - PADRAO :: AZUL;COMERCIAL ALFA LTDA;ALFA;RECIFE/PE;VENDEDOR A;28,35,42;Boleto;UNID;5600;0,250;;1.400,00;1.470,00
NFe 2232;1243;16/07/2026 06:41:46;97;TAMPA PCO 26MM - NORMAL :: PRETO;COMERCIAL ALFA LTDA;ALFA;RECIFE/PE;VENDEDOR A;28,35,42;Boleto;UNID;13100;0,068;;890,80;935,34
NFe 2233;1244;16/07/2026 14:59:20;212;DOSADORA R2 28/43 - PADRAO :: AZUL;ATACADO OMEGA LTDA;OMEGA;PAULISTA/PE;VENDEDOR C;21,28,35;Boleto;UNID;18600;0,250;;4.650,00;4.882,50
NFe 2234;1245;16/07/2026 21:10:35;97;TAMPA PCO 26MM - NORMAL :: PRETO;EMBALAGENS DELTA ME;DELTA;JABOATAO/PE;VENDEDOR B;38,45,52;Boleto;UNID;36300;0,068;;2.468,40;2.591,82
NFe 2234;1245;16/07/2026 21:10:35;439;FRASCO 500ML - PET :: TRANSPARENTE;EMBALAGENS DELTA ME;DELTA;JABOATAO/PE;VENDEDOR B;38,45,52;Boleto;UNID;18500;0,850;;15.725,00;15.725,00
NFe 2235;1246;17/07/2026 16:46:44;439;FRASCO 500ML - PET :: TRANSPARENTE;COMERCIAL ALFA LTDA;ALFA;RECIFE/PE;VENDEDOR A;28,35,42;Boleto;UNID;2400;0,850;;2.040,00;2.040,00
NFe 2235;1246;17/07/2026 16:46:44;97;TAMPA PCO 26MM - NORMAL :: PRETO;COMERCIAL ALFA LTDA;ALFA;RECIFE/PE;VENDEDOR A;28,35,42;Boleto;UNID;5100;0,068;;346,80;364,14
NFe 2235;1246;17/07/2026 16:46:44;443;TAMPA PCO 38MM COM LACRE - NORMAL :: BRANCO;COMERCIAL ALFA LTDA;ALFA;RECIFE/PE;VENDEDOR A;28,35,42;Boleto;UNID;3300;0,110;;363,00;381,15
NFe 2236;1247;18/07/2026 01:24:58;439;FRASCO 500ML - PET :: TRANSPARENTE;COMERCIAL ALFA LTDA;ALFA;RECIFE/PE;VENDEDOR A;28,35,42;Boleto;UNID;-2.400;0,850;;-2.040,00;-2.040,00
NFe 2236;1247;18/07/2026 01:24:58;97;TAMPA PCO 26MM - NORMAL :: PRETO;COMERCIAL ALFA LTDA;ALFA;RECIFE/PE;VENDEDOR A;28,35,42;Boleto;UNID;-5.100;0,068;;-346,80;-364,14
NFe 2236;1247;18/07/2026 01:24:58;443;TAMPA PCO 38MM COM LACRE - NORMAL :: BRANCO;COMERCIAL ALFA LTDA;ALFA;RECIFE/PE;VENDEDOR A;28,35,42;Boleto;UNID;-3.300;0,110;;-363,00;-381,15
NFe 2237;1248;18/07/2026 17:25:19;443;TAMPA PCO 38MM COM LACRE - NORMAL :: BRANCO;COMERCIAL ALFA LTDA;ALFA;RECIFE/PE;VENDEDOR A;21,28,35;Boleto;UNID;3500;0,110;;385,00;404,25
NFe 2237;1248;18/07/2026 17:25:19;212;DOSADORA R2 28/43 - PADRAO :: AZUL;COMERCIAL ALFA LTDA;ALFA;RECIFE/PE;VENDEDOR A;21,28,35;Boleto;UNID;1600;0,250;;400,00;420,00
NFe 2238;1249;18/07/2026 23:03:04;97;TAMPA PCO 26MM - NORMAL :: PRETO;EMBALAGENS DELTA ME;DELTA;JABOATAO/PE;VENDEDOR B;38,45,52;Boleto;UNID;36500;0,068;;2.482,00;2.606,10
NFe 2238;1249;18/07/2026 23:03:04;443;TAMPA PCO 38MM COM LACRE - NORMAL :: BRANCO;EMBALAGENS DELTA ME;DELTA;JABOATAO/PE;VENDEDOR B;38,45,52;Boleto;UNID;34400;0,110;;3.784,00;3.973,20
NFe 2239;1250;19/07/2026 12:40:10;212;DOSADORA R2 28/43 - PADRAO :: AZUL;COMERCIAL ALFA LTDA;ALFA;RECIFE/PE;VENDEDOR A;21,28,35;Boleto;UNID;33700;0,250;;8.425,00;8.846,25
NFe 2239;1250;19/07/2026 12:40:10;439;FRASCO 500ML - PET :: TRANSPARENTE;COMERCIAL ALFA LTDA;ALFA;RECIFE/PE;VENDEDOR A;21,28,35;Boleto;UNID;16700;0,850;;14.195,00;14.195,00
NFe 2239;1250;19/07/2026 12:40:10;443;TAMPA PCO 38MM COM LACRE - NORMAL :: BRANCO;COMERCIAL ALFA LTDA;ALFA;RECIFE/PE;VENDEDOR A;21,28,35;Boleto;UNID;9400;0,110;;1.034,00;1.085,70
NFe 2240;1251;20/07/2026 07:25:06;443;TAMPA PCO 38MM COM LACRE - NORMAL :: BRANCO;EMBALAGENS DELTA ME;DELTA;JABOATAO/PE;VENDEDOR B;21,28,35;Boleto;UNID;38000;0,110;;4.180,00;4.389,00
NFe 2240;1251;20/07/2026 07:25:06;212;DOSADORA R2 28/43 - PADRAO :: AZUL;EMBALAGENS DELTA ME;DELTA;JABOATAO/PE;VENDEDOR B;21,28,35;Boleto;UNID;35700;0,250;;8.925,00;9.371,25
NFe 2240;1251;20/07/2026 07:25:06;439;FRASCO 500ML - PET :: TRANSPARENTE;EMBALAGENS DELTA ME;DELTA;JABOATAO/PE;VENDEDOR B;21,28,35;Boleto;UNID;15500;0,850;;13.175,00;13.175,00
NFe 2241;1252;20/07/2026 12:36:52;443;TAMPA PCO 38MM COM LACRE - NORMAL :: BRANCO;EMBALAGENS DELTA ME;DELTA;JABOATAO/PE;VENDEDOR B;21,28,35;Boleto;UNID;-38.000;0,110;;-4.180,00;-4.389,00
NFe 2241;1252;20/07/2026 12:36:52;212;DOSADORA R2 28/43 - PADRAO :: AZUL;EMBALAGENS DELTA ME;DELTA;JABOATAO/PE;VENDEDOR B;21,28,35;Boleto;UNID;-35.700;0,250;;-8.925,00;-9.371,25
NFe 2241;1252;20/07/2026 12:36:52;439;FRASCO 500ML - PET :: TRANSPARENTE;EMBALAGENS DELTA ME;DELTA;JABOATAO/PE;VENDEDOR B;21,28,35;Boleto;UNID;-15.500;0,850;;-13.175,00;-13.175,00
NFe 2242;1253;21/07/2026 08:02:46;439;FRASCO 500ML - PET :: TRANSPARENTE;ATACADO OMEGA LTDA;OMEGA;PAULISTA/PE;VENDEDOR C;21,28,35;Boleto;UNID;31800;0,850;;27.030,00;27.030,00
NFe 2243;1254;21/07/2026 16:43:22;97;TAMPA PCO 26MM - NORMAL :: PRETO;DISTRIBUIDORA BETA S/A;BETA;OLINDA/PE;VENDEDOR B;28,35,42;Boleto;UNID;16800;0,068;;1.142,40;1.199,52
NFe 2243;1254;21/07/2026 16:43:22;212;DOSADORA R2 28/43 - PADRAO :: AZUL;DISTRIBUIDORA BETA S/A;BETA;OLINDA/PE;VENDEDOR B;28,35,42;Boleto;UNID;9000;0,250;;2.250,00;2.362,50
NFe 2243;1254;21/07/2026 16:43:22;443;TAMPA PCO 38MM COM LACRE - NORMAL :: BRANCO;DISTRIBUIDORA BETA S/A;BETA;OLINDA/PE;VENDEDOR B;28,35,42;Boleto;UNID;33000;0,110;;3.630,00;3.811,50
NFe 2244;1255;21/07/2026 20:36:07;97;TAMPA PCO 26MM - NORMAL :: PRETO;INDUSTRIA GAMA LTDA;GAMA;CARUARU/PE;VENDEDOR B;28,35,42;Boleto;UNID;11200;0,068;;761,60;799,68
NFe 2244;1255;21/07/2026 20:36:07;443;TAMPA PCO 38MM COM LACRE - NORMAL :: BRANCO;INDUSTRIA GAMA LTDA;GAMA;CARUARU/PE;VENDEDOR B;28,35,42;Boleto;UNID;13200;0,110;;1.452,00;1.524,60
NFe 2245;1256;21/07/2026 23:58:23;212;DOSADORA R2 28/43 - PADRAO :: AZUL;INDUSTRIA GAMA LTDA;GAMA;CARUARU/PE;VENDEDOR B;21,28,35;Boleto;UNID;21900;0,250;;5.475,00;5.748,75
NFe 2245;1256;21/07/2026 23:58:23;439;FRASCO 500ML - PET :: TRANSPARENTE;INDUSTRIA GAMA LTDA;GAMA;CARUARU/PE;VENDEDOR B;21,28,35;Boleto;UNID;9000;0,850;;7.650,00;7.650,00
NFe 2246;1257;22/07/2026 14:30:19;443;TAMPA PCO 38MM COM LACRE - NORMAL :: BRANCO;DISTRIBUIDORA BETA S/A;BETA;OLINDA/PE;VENDEDOR B;21,28,35;Boleto;UNID;23600;0,110;;2.596,00;2.725,80
NFe 2246;1257;22/07/2026 14:30:19;97;TAMPA PCO 26MM - NORMAL :: PRETO;DISTRIBUIDORA BETA S/A;BETA;OLINDA/PE;VENDEDOR B;21,28,35;Boleto;UNID;4200;0,068;;285,60;299,88
NFe 2247;1258;22/07/2026 16:48:20;443;TAMPA PCO 38MM COM LACRE - NORMAL :: BRANCO;ATACADO OMEGA LTDA;OMEGA;PAULISTA/PE;VENDEDOR C;21,28,35;Boleto;UNID;8700;0,110;;957,00;1.004,85
NFe 2247;1258;22/07/2026 16:48:20;212;DOSADORA R2 28/43 - PADRAO :: AZUL;ATACADO OMEGA LTDA;OMEGA;PAULISTA/PE;VENDEDOR C;21,28,35;Boleto;UNID;37900;0,250;;9.475,00;9.948,75
NFe 2248;1259;22/07/2026 20:24:17;97;TAMPA PCO 26MM - NORMAL :: PRETO;COMERCIAL ALFA LTDA;ALFA;RECIFE/PE;VENDEDOR A;38,45,52;Boleto;UNID;33900;0,068;;2.305,20;2.420,46
NFe 2248;1259;22/07/2026 20:24:17;443;TAMPA PCO 38MM COM LACRE - NORMAL :: BRANCO;COMERCIAL ALFA LTDA;ALFA;RECIFE/PE;VENDEDOR A;38,45,52;Boleto;UNID;8900;0,110;;979,00;1.027,95
NFe 2249;1260;23/07/2026 17:20:44;212;DOSADORA R2 28/43 - PADRAO :: AZUL;COMERCIAL ALFA LTDA;ALFA;RECIFE/PE;VENDEDOR A;21,28,35;Boleto;UNID;36100;0,250;;9.025,00;9.476,25
NFe 2250;1261;24/07/2026 12:07:43;443;TAMPA PCO 38MM COM LACRE - NORMAL :: BRANCO;COMERCIAL ALFA LTDA;ALFA;RECIFE/PE;VENDEDOR A;28,35,42;Boleto;UNID;3000;0,110;;330,00;346,50
NFe 2250;1261;24/07/2026 12:07:43;97;TAMPA PCO 26MM - NORMAL :: PRETO;COMERCIAL ALFA LTDA;ALFA;RECIFE/PE;VENDEDOR A;28,35,42;Boleto;UNID;20600;0,068;;1.400,80;1.470,84
NFe 2251;1262;25/07/2026 07:43:36;97;TAMPA PCO 26MM - NORMAL :: PRETO;COMERCIAL ALFA LTDA;ALFA;RECIFE/PE;VENDEDOR A;21,28,35;Boleto;UNID;34300;0,068;;2.332,40;2.449,02
NFe 2251;1262;25/07/2026 07:43:36;901;TAMPA ANTIGA 28MM SEM PADRAO;COMERCIAL ALFA LTDA;ALFA;RECIFE/PE;VENDEDOR A;21,28,35;Boleto;UNID;32500;0,110;;3.575,00;3.753,75
NFe 2252;1263;26/07/2026 04:13:48;97;TAMPA PCO 26MM - NORMAL :: PRETO;COMERCIAL ALFA LTDA;ALFA;RECIFE/PE;VENDEDOR A;21,28,35;Boleto;UNID;-34.300;0,068;;-2.332,40;-2.449,02
NFe 2252;1263;26/07/2026 04:13:48;901;TAMPA ANTIGA 28MM SEM PADRAO;COMERCIAL ALFA LTDA;ALFA;RECIFE/PE;VENDEDOR A;21,28,35;Boleto;UNID;-32.500;0,110;;-3.575,00;-3.753,75
NFe 2253;1264;26/07/2026 11:24:28;97;TAMPA PCO 26MM - NORMAL :: PRETO;COMERCIAL ALFA LTDA;ALFA;RECIFE/PE;VENDEDOR A;21,28,35;Boleto;UNID;34300;0,068;;2.332,40;2.449,02
NFe 2253;1264;26/07/2026 11:24:28;901;TAMPA ANTIGA 28MM SEM PADRAO;COMERCIAL ALFA LTDA;ALFA;RECIFE/PE;VENDEDOR A;21,28,35;Boleto;UNID;32500;0,110;;3.575,00;3.753,75
NFe 2254;1265;26/07/2026 14:55:22;212;DOSADORA R2 28/43 - PADRAO :: AZUL;COMERCIAL ALFA LTDA;ALFA;RECIFE/PE;VENDEDOR A;28,35,42;Boleto;UNID;14000;0,250;;3.500,00;3.675,00
NFe 2254;1265;26/07/2026 14:55:22;439;FRASCO 500ML - PET :: TRANSPARENTE;COMERCIAL ALFA LTDA;ALFA;RECIFE/PE;VENDEDOR A;28,35,42;Boleto;UNID;5100;0,850;;4.335,00;4.335,00
NFe 2255;1266;27/07/2026 09:19:33;97;TAMPA PCO 26MM - NORMAL :: PRETO;COMERCIAL ALFA LTDA;ALFA;RECIFE/PE;VENDEDOR A;21,28,35;Boleto;UNID;23000;0,068;;1.564,00;1.642,20
NFe 2255;1266;27/07/2026 09:19:33;443;TAMPA PCO 38MM COM LACRE - NORMAL :: BRANCO;COMERCIAL ALFA LTDA;ALFA;RECIFE/PE;VENDEDOR A;21,28,35;Boleto;UNID;24300;0,110;;2.673,00;2.806,65
NFe 2256;1267;27/07/2026 18:34:26;97;TAMPA PCO 26MM - NORMAL :: PRETO;COMERCIAL ALFA LTDA;ALFA;RECIFE/PE;VENDEDOR A;38,45,52;Boleto;UNID;28200;0,068;;1.917,60;2.013,48
NFe 2256;1267;27/07/2026 18:34:26;212;DOSADORA R2 28/43 - PADRAO :: AZUL;COMERCIAL ALFA LTDA;ALFA;RECIFE/PE;VENDEDOR A;38,45,52;Boleto;UNID;21600;0,250;;5.400,00;5.670,00
NFe 2256;1267;27/07/2026 18:34:26;443;TAMPA PCO 38MM COM LACRE - NORMAL :: BRANCO;COMERCIAL ALFA LTDA;ALFA;RECIFE/PE;VENDEDOR A;38,45,52;Boleto;UNID;39200;0,110;;4.312,00;4.527,60
NFe 2257;1268;28/07/2026 13:49:01;97;TAMPA PCO 26MM - NORMAL :: PRETO;COMERCIAL ALFA LTDA;ALFA;RECIFE/PE;VENDEDOR A;38,45,52;Boleto;UNID;-28.200;0,068;;-1.917,60;-2.013,48
NFe 2257;1268;28/07/2026 13:49:01;212;DOSADORA R2 28/43 - PADRAO :: AZUL;COMERCIAL ALFA LTDA;ALFA;RECIFE/PE;VENDEDOR A;38,45,52;Boleto;UNID;-21.600;0,250;;-5.400,00;-5.670,00
NFe 2257;1268;28/07/2026 13:49:01;443;TAMPA PCO 38MM COM LACRE - NORMAL :: BRANCO;COMERCIAL ALFA LTDA;ALFA;RECIFE/PE;VENDEDOR A;38,45,52;Boleto;UNID;-39.200;0,110;;-4.312,00;-4.527,60
NFe 2258;1269;29/07/2026 03:41:34;97;TAMPA PCO 26MM - NORMAL :: PRETO;COMERCIAL ALFA LTDA;ALFA;RECIFE/PE;VENDEDOR A;38,45,52;Boleto;UNID;28200;0,068;;1.917,60;2.013,48
NFe 2258;1269;29/07/2026 03:41:34;212;DOSADORA R2 28/43 - PADRAO :: AZUL;COMERCIAL ALFA LTDA;ALFA;RECIFE/PE;VENDEDOR A;38,45,52;Boleto;UNID;21600;0,250;;5.400,00;5.670,00
NFe 2258;1269;29/07/2026 03:41:34;443;TAMPA PCO 38MM COM LACRE - NORMAL :: BRANCO;COMERCIAL ALFA LTDA;ALFA;RECIFE/PE;VENDEDOR A;38,45,52;Boleto;UNID;39200;0,110;;4.312,00;4.527,60
NFe 2259;1270;29/07/2026 22:25:29;212;DOSADORA R2 28/43 - PADRAO :: AZUL;ATACADO OMEGA LTDA;OMEGA;PAULISTA/PE;VENDEDOR C;38,45,52;Boleto;UNID;15800;0,250;;3.950,00;4.147,50
NFe 2260;1271;30/07/2026 01:51:26;443;TAMPA PCO 38MM COM LACRE - NORMAL :: BRANCO;COMERCIAL ALFA LTDA;ALFA;RECIFE/PE;VENDEDOR A;38,45,52;Boleto;UNID;9300;0,110;;1.023,00;1.074,15
NFe 2260;1271;30/07/2026 01:51:26;97;TAMPA PCO 26MM - NORMAL :: PRETO;COMERCIAL ALFA LTDA;ALFA;RECIFE/PE;VENDEDOR A;38,45,52;Boleto;UNID;9000;0,068;;612,00;642,60
NFe 2260;1271;30/07/2026 01:51:26;212;DOSADORA R2 28/43 - PADRAO :: AZUL;COMERCIAL ALFA LTDA;ALFA;RECIFE/PE;VENDEDOR A;38,45,52;Boleto;UNID;11300;0,250;;2.825,00;2.966,25
NFe 2261;1272;30/07/2026 08:59:28;443;TAMPA PCO 38MM COM LACRE - NORMAL :: BRANCO;ATACADO OMEGA LTDA;OMEGA;PAULISTA/PE;VENDEDOR C;28,35,42;Boleto;UNID;30900;0,110;;3.399,00;3.568,95
NFe 2262;1273;30/07/2026 18:20:26;212;DOSADORA R2 28/43 - PADRAO :: AZUL;EMBALAGENS DELTA ME;DELTA;JABOATAO/PE;VENDEDOR B;21,28,35;Boleto;UNID;17100;0,250;;4.275,00;4.488,75
NFe 2262;1273;30/07/2026 18:20:26;439;FRASCO 500ML - PET :: TRANSPARENTE;EMBALAGENS DELTA ME;DELTA;JABOATAO/PE;VENDEDOR B;21,28,35;Boleto;UNID;14600;0,850;;12.410,00;12.410,00
NFe 2263;1274;31/07/2026 11:50:24;212;DOSADORA R2 28/43 - PADRAO :: AZUL;EMBALAGENS DELTA ME;DELTA;JABOATAO/PE;VENDEDOR B;38,45,52;Boleto;UNID;8100;0,250;;2.025,00;2.126,25
NFe 2263;1274;31/07/2026 11:50:24;97;TAMPA PCO 26MM - NORMAL :: PRETO;EMBALAGENS DELTA ME;DELTA;JABOATAO/PE;VENDEDOR B;38,45,52;Boleto;UNID;8000;0,068;;544,00;571,20
NFe 2263;1274;31/07/2026 11:50:24;443;TAMPA PCO 38MM COM LACRE - NORMAL :: BRANCO;EMBALAGENS DELTA ME;DELTA;JABOATAO/PE;VENDEDOR B;38,45,52;Boleto;UNID;29500;0,110;;3.245,00;3.407,25
NFe 2264;1275;01/08/2026 07:28:12;97;TAMPA PCO 26MM - NORMAL :: PRETO;COMERCIAL ALFA LTDA;ALFA;RECIFE/PE;VENDEDOR A;21,28,35;Boleto;UNID;21500;0,068;;1.462,00;1.535,10
NFe 2264;1275;01/08/2026 07:28:12;443;TAMPA PCO 38MM COM LACRE - NORMAL :: BRANCO;COMERCIAL ALFA LTDA;ALFA;RECIFE/PE;VENDEDOR A;21,28,35;Boleto;UNID;14000;0,110;;1.540,00;1.617,00
NFe 2264;1275;01/08/2026 07:28:12;439;FRASCO 500ML - PET :: TRANSPARENTE;COMERCIAL ALFA LTDA;ALFA;RECIFE/PE;VENDEDOR A;21,28,35;Boleto;UNID;20100;0,850;;17.085,00;17.085,00
NFe 2265;1276;02/08/2026 00:04:50;212;DOSADORA R2 28/43 - PADRAO :: AZUL;COMERCIAL ALFA LTDA;ALFA;RECIFE/PE;VENDEDOR A;28,35,42;Boleto;UNID;2400;0,250;;600,00;630,00
NFe 2266;1277;02/08/2026 14:01:46;439;FRASCO 500ML - PET :: TRANSPARENTE;COMERCIAL ALFA LTDA;ALFA;RECIFE/PE;VENDEDOR A;38,45,52;Boleto;UNID;1500;0,850;;1.275,00;1.275,00
NFe 2266;1277;02/08/2026 14:01:46;443;TAMPA PCO 38MM COM LACRE - NORMAL :: BRANCO;COMERCIAL ALFA LTDA;ALFA;RECIFE/PE;VENDEDOR A;38,45,52;Boleto;UNID;17700;0,110;;1.947,00;2.044,35
NFe 2267;1278;03/08/2026 00:21:03;443;TAMPA PCO 38MM COM LACRE - NORMAL :: BRANCO;ATACADO OMEGA LTDA;OMEGA;PAULISTA/PE;VENDEDOR C;38,45,52;Boleto;UNID;7300;0,110;;803,00;843,15
NFe 2268;1279;03/08/2026 11:08:31;97;TAMPA PCO 26MM - NORMAL :: PRETO;COMERCIAL ALFA LTDA;ALFA;RECIFE/PE;VENDEDOR A;38,45,52;Boleto;UNID;23100;0,068;;1.570,80;1.649,34
NFe 2268;1279;03/08/2026 11:08:31;212;DOSADORA R2 28/43 - PADRAO :: AZUL;COMERCIAL ALFA LTDA;ALFA;RECIFE/PE;VENDEDOR A;38,45,52;Boleto;UNID;11300;0,250;;2.825,00;2.966,25
NFe 2269;1280;04/08/2026 01:56:02;443;TAMPA PCO 38MM COM LACRE - NORMAL :: BRANCO;ATACADO OMEGA LTDA;OMEGA;PAULISTA/PE;VENDEDOR C;21,28,35;Boleto;UNID;36800;0,110;;4.048,00;4.250,40
NFe 2269;1280;04/08/2026 01:56:02;97;TAMPA PCO 26MM - NORMAL :: PRETO;ATACADO OMEGA LTDA;OMEGA;PAULISTA/PE;VENDEDOR C;21,28,35;Boleto;UNID;26400;0,068;;1.795,20;1.884,96
NFe 2269;1280;04/08/2026 01:56:02;212;DOSADORA R2 28/43 - PADRAO :: AZUL;ATACADO OMEGA LTDA;OMEGA;PAULISTA/PE;VENDEDOR C;21,28,35;Boleto;UNID;21100;0,250;;5.275,00;5.538,75
NFe 2270;1281;04/08/2026 07:45:56;443;TAMPA PCO 38MM COM LACRE - NORMAL :: BRANCO;DISTRIBUIDORA BETA S/A;BETA;OLINDA/PE;VENDEDOR B;21,28,35;Boleto;UNID;3400;0,110;;374,00;392,70
NFe 2271;1282;04/08/2026 15:48:25;443;TAMPA PCO 38MM COM LACRE - NORMAL :: BRANCO;DISTRIBUIDORA BETA S/A;BETA;OLINDA/PE;VENDEDOR B;21,28,35;Boleto;UNID;-3.400;0,110;;-374,00;-392,70
NFe 2272;1283;05/08/2026 04:33:37;443;TAMPA PCO 38MM COM LACRE - NORMAL :: BRANCO;DISTRIBUIDORA BETA S/A;BETA;OLINDA/PE;VENDEDOR B;21,28,35;Boleto;UNID;3400;0,110;;374,00;392,70
NFe 2273;1284;05/08/2026 20:06:02;97;TAMPA PCO 26MM - NORMAL :: PRETO;INDUSTRIA GAMA LTDA;GAMA;CARUARU/PE;VENDEDOR B;21,28,35;Boleto;UNID;25500;0,068;;1.734,00;1.820,70
NFe 2273;1284;05/08/2026 20:06:02;212;DOSADORA R2 28/43 - PADRAO :: AZUL;INDUSTRIA GAMA LTDA;GAMA;CARUARU/PE;VENDEDOR B;21,28,35;Boleto;UNID;30900;0,250;;7.725,00;8.111,25
NFe 2273;1284;05/08/2026 20:06:02;443;TAMPA PCO 38MM COM LACRE - NORMAL :: BRANCO;INDUSTRIA GAMA LTDA;GAMA;CARUARU/PE;VENDEDOR B;21,28,35;Boleto;UNID;23300;0,110;;2.563,00;2.691,15
NFe 2274;1285;06/08/2026 03:01:32;97;TAMPA PCO 26MM - NORMAL :: PRETO;COMERCIAL ALFA LTDA;ALFA;RECIFE/PE;VENDEDOR A;21,28,35;Boleto;UNID;1900;0,068;;129,20;135,66
NFe 2274;1285;06/08/2026 03:01:32;443;TAMPA PCO 38MM COM LACRE - NORMAL :: BRANCO;COMERCIAL ALFA LTDA;ALFA;RECIFE/PE;VENDEDOR A;21,28,35;Boleto;UNID;20200;0,110;;2.222,00;2.333,10
NFe 2275;1286;06/08/2026 05:12:26;443;TAMPA PCO 38MM COM LACRE - NORMAL :: BRANCO;ATACADO OMEGA LTDA;OMEGA;PAULISTA/PE;VENDEDOR C;21,28,35;Boleto;UNID;14200;0,110;;1.562,00;1.640,10
NFe 2275;1286;06/08/2026 05:12:26;439;FRASCO 500ML - PET :: TRANSPARENTE;ATACADO OMEGA LTDA;OMEGA;PAULISTA/PE;VENDEDOR C;21,28,35;Boleto;UNID;33800;0,850;;28.730,00;28.730,00
NFe 2275;1286;06/08/2026 05:12:26;97;TAMPA PCO 26MM - NORMAL :: PRETO;ATACADO OMEGA LTDA;OMEGA;PAULISTA/PE;VENDEDOR C;21,28,35;Boleto;UNID;21400;0,068;;1.455,20;1.527,96
NFe 2276;1287;06/08/2026 22:14:21;443;TAMPA PCO 38MM COM LACRE - NORMAL :: BRANCO;EMBALAGENS DELTA ME;DELTA;JABOATAO/PE;VENDEDOR B;21,28,35;Boleto;UNID;9300;0,110;;1.023,00;1.074,15
NFe 2276;1287;06/08/2026 22:14:21;439;FRASCO 500ML - PET :: TRANSPARENTE;EMBALAGENS DELTA ME;DELTA;JABOATAO/PE;VENDEDOR B;21,28,35;Boleto;UNID;31200;0,850;;26.520,00;26.520,00
NFe 2277;1288;06/08/2026 23:28:37;439;FRASCO 500ML - PET :: TRANSPARENTE;ATACADO OMEGA LTDA;OMEGA;PAULISTA/PE;VENDEDOR C;38,45,52;Boleto;UNID;18300;0,850;;15.555,00;15.555,00
NFe 2277;1288;06/08/2026 23:28:37;443;TAMPA PCO 38MM COM LACRE - NORMAL :: BRANCO;ATACADO OMEGA LTDA;OMEGA;PAULISTA/PE;VENDEDOR C;38,45,52;Boleto;UNID;24000;0,110;;2.640,00;2.772,00
NFe 2277;1288;06/08/2026 23:28:37;212;DOSADORA R2 28/43 - PADRAO :: AZUL;ATACADO OMEGA LTDA;OMEGA;PAULISTA/PE;VENDEDOR C;38,45,52;Boleto;UNID;13400;0,250;;3.350,00;3.517,50
NFe 2278;1289;07/08/2026 06:57:56;97;TAMPA PCO 26MM - NORMAL :: PRETO;ATACADO OMEGA LTDA;OMEGA;PAULISTA/PE;VENDEDOR C;28,35,42;Boleto;UNID;29200;0,068;;1.985,60;2.084,88
NFe 2278;1289;07/08/2026 06:57:56;212;DOSADORA R2 28/43 - PADRAO :: AZUL;ATACADO OMEGA LTDA;OMEGA;PAULISTA/PE;VENDEDOR C;28,35,42;Boleto;UNID;33600;0,250;;8.400,00;8.820,00
NFe 2278;1289;07/08/2026 06:57:56;443;TAMPA PCO 38MM COM LACRE - NORMAL :: BRANCO;ATACADO OMEGA LTDA;OMEGA;PAULISTA/PE;VENDEDOR C;28,35,42;Boleto;UNID;30900;0,110;;3.399,00;3.568,95
NFe 2279;1290;08/08/2026 03:16:15;439;FRASCO 500ML - PET :: TRANSPARENTE;DISTRIBUIDORA BETA S/A;BETA;OLINDA/PE;VENDEDOR B;28,35,42;Boleto;UNID;13800;0,850;;11.730,00;11.730,00
NFe 2279;1290;08/08/2026 03:16:15;443;TAMPA PCO 38MM COM LACRE - NORMAL :: BRANCO;DISTRIBUIDORA BETA S/A;BETA;OLINDA/PE;VENDEDOR B;28,35,42;Boleto;UNID;34000;0,110;;3.740,00;3.927,00
NFe 2280;1291;08/08/2026 13:28:24;212;DOSADORA R2 28/43 - PADRAO :: AZUL;COMERCIAL ALFA LTDA;ALFA;RECIFE/PE;VENDEDOR A;21,28,35;Boleto;UNID;35300;0,250;;8.825,00;9.266,25
NFe 2280;1291;08/08/2026 13:28:24;439;FRASCO 500ML - PET :: TRANSPARENTE;COMERCIAL ALFA LTDA;ALFA;RECIFE/PE;VENDEDOR A;21,28,35;Boleto;UNID;7600;0,850;;6.460,00;6.460,00
NFe 2280;1291;08/08/2026 13:28:24;443;TAMPA PCO 38MM COM LACRE - NORMAL :: BRANCO;COMERCIAL ALFA LTDA;ALFA;RECIFE/PE;VENDEDOR A;21,28,35;Boleto;UNID;37400;0,110;;4.114,00;4.319,70
NFe 2281;1292;08/08/2026 15:09:55;212;DOSADORA R2 28/43 - PADRAO :: AZUL;COMERCIAL ALFA LTDA;ALFA;RECIFE/PE;VENDEDOR A;28,35,42;Boleto;UNID;2300;0,250;;575,00;603,75
NFe 2281;1292;08/08/2026 15:09:55;439;FRASCO 500ML - PET :: TRANSPARENTE;COMERCIAL ALFA LTDA;ALFA;RECIFE/PE;VENDEDOR A;28,35,42;Boleto;UNID;30300;0,850;;25.755,00;25.755,00
NFe 2282;1293;09/08/2026 11:02:07;212;DOSADORA R2 28/43 - PADRAO :: AZUL;INDUSTRIA GAMA LTDA;GAMA;CARUARU/PE;VENDEDOR B;38,45,52;Boleto;UNID;26400;0,250;;6.600,00;6.930,00
NFe 2282;1293;09/08/2026 11:02:07;439;FRASCO 500ML - PET :: TRANSPARENTE;INDUSTRIA GAMA LTDA;GAMA;CARUARU/PE;VENDEDOR B;38,45,52;Boleto;UNID;15800;0,850;;13.430,00;13.430,00
NFe 2282;1293;09/08/2026 11:02:07;443;TAMPA PCO 38MM COM LACRE - NORMAL :: BRANCO;INDUSTRIA GAMA LTDA;GAMA;CARUARU/PE;VENDEDOR B;38,45,52;Boleto;UNID;9200;0,110;;1.012,00;1.062,60
NFe 2283;1294;10/08/2026 05:13:25;212;DOSADORA R2 28/43 - PADRAO :: AZUL;INDUSTRIA GAMA LTDA;GAMA;CARUARU/PE;VENDEDOR B;38,45,52;Boleto;UNID;-26.400;0,250;;-6.600,00;-6.930,00
NFe 2283;1294;10/08/2026 05:13:25;439;FRASCO 500ML - PET :: TRANSPARENTE;INDUSTRIA GAMA LTDA;GAMA;CARUARU/PE;VENDEDOR B;38,45,52;Boleto;UNID;-15.800;0,850;;-13.430,00;-13.430,00
NFe 2283;1294;10/08/2026 05:13:25;443;TAMPA PCO 38MM COM LACRE - NORMAL :: BRANCO;INDUSTRIA GAMA LTDA;GAMA;CARUARU/PE;VENDEDOR B;38,45,52;Boleto;UNID;-9.200;0,110;;-1.012,00;-1.062,60
NFe 2284;1295;10/08/2026 11:00:41;439;FRASCO 500ML - PET :: TRANSPARENTE;DISTRIBUIDORA BETA S/A;BETA;OLINDA/PE;VENDEDOR B;21,28,35;Boleto;UNID;11800;0,850;;10.030,00;10.030,00
NFe 2284;1295;10/08/2026 11:00:41;212;DOSADORA R2 28/43 - PADRAO :: AZUL;DISTRIBUIDORA BETA S/A;BETA;OLINDA/PE;VENDEDOR B;21,28,35;Boleto;UNID;18600;0,250;;4.650,00;4.882,50
NFe 2284;1295;10/08/2026 11:00:41;97;TAMPA PCO 26MM - NORMAL :: PRETO;DISTRIBUIDORA BETA S/A;BETA;OLINDA/PE;VENDEDOR B;21,28,35;Boleto;UNID;11900;0,068;;809,20;849,66
NFe 2285;1296;10/08/2026 21:27:31;212;DOSADORA R2 28/43 - PADRAO :: AZUL;COMERCIAL ALFA LTDA;ALFA;RECIFE/PE;VENDEDOR A;38,45,52;Boleto;UNID;24500;0,250;;6.125,00;6.431,25
NFe 2285;1296;10/08/2026 21:27:31;97;TAMPA PCO 26MM - NORMAL :: PRETO;COMERCIAL ALFA LTDA;ALFA;RECIFE/PE;VENDEDOR A;38,45,52;Boleto;UNID;3200;0,068;;217,60;228,48
NFe 2286;1297;11/08/2026 17:05:10;212;DOSADORA R2 28/43 - PADRAO :: AZUL;COMERCIAL ALFA LTDA;ALFA;RECIFE/PE;VENDEDOR A;38,45,52;Boleto;UNID;-24.500;0,250;;-6.125,00;-6.431,25
NFe 2286;1297;11/08/2026 17:05:10;97;TAMPA PCO 26MM - NORMAL :: PRETO;COMERCIAL ALFA LTDA;ALFA;RECIFE/PE;VENDEDOR A;38,45,52;Boleto;UNID;-3.200;0,068;;-217,60;-228,48
NFe 2287;1298;12/08/2026 00:37:17;97;TAMPA PCO 26MM - NORMAL :: PRETO;COMERCIAL ALFA LTDA;ALFA;RECIFE/PE;VENDEDOR A;28,35,42;Boleto;UNID;7500;0,068;;510,00;535,50
NFe 2287;1298;12/08/2026 00:37:17;212;DOSADORA R2 28/43 - PADRAO :: AZUL;COMERCIAL ALFA LTDA;ALFA;RECIFE/PE;VENDEDOR A;28,35,42;Boleto;UNID;10700;0,250;;2.675,00;2.808,75
NFe 2288;1299;12/08/2026 12:03:53;443;TAMPA PCO 38MM COM LACRE - NORMAL :: BRANCO;ATACADO OMEGA LTDA;OMEGA;PAULISTA/PE;VENDEDOR C;21,28,35;Boleto;UNID;25400;0,110;;2.794,00;2.933,70
NFe 2288;1299;12/08/2026 12:03:53;97;TAMPA PCO 26MM - NORMAL :: PRETO;ATACADO OMEGA LTDA;OMEGA;PAULISTA/PE;VENDEDOR C;21,28,35;Boleto;UNID;17500;0,068;;1.190,00;1.249,50
NFe 2289;1300;12/08/2026 18:24:33;443;TAMPA PCO 38MM COM LACRE - NORMAL :: BRANCO;ATACADO OMEGA LTDA;OMEGA;PAULISTA/PE;VENDEDOR C;21,28,35;Boleto;UNID;-25.400;0,110;;-2.794,00;-2.933,70
NFe 2289;1300;12/08/2026 18:24:33;97;TAMPA PCO 26MM - NORMAL :: PRETO;ATACADO OMEGA LTDA;OMEGA;PAULISTA/PE;VENDEDOR C;21,28,35;Boleto;UNID;-17.500;0,068;;-1.190,00;-1.249,50
NFe 2290;1301;13/08/2026 09:41:46;97;TAMPA PCO 26MM - NORMAL :: PRETO;COMERCIAL ALFA LTDA;ALFA;RECIFE/PE;VENDEDOR A;21,28,35;Boleto;UNID;31900;0,068;;2.169,20;2.277,66
NFe 2290;1301;13/08/2026 09:41:46;212;DOSADORA R2 28/43 - PADRAO :: AZUL;COMERCIAL ALFA LTDA;ALFA;RECIFE/PE;VENDEDOR A;21,28,35;Boleto;UNID;22700;0,250;;5.675,00;5.958,75
NFe 2291;1302;14/08/2026 00:07:13;443;TAMPA PCO 38MM COM LACRE - NORMAL :: BRANCO;COMERCIAL ALFA LTDA;ALFA;RECIFE/PE;VENDEDOR A;21,28,35;Boleto;UNID;1200;0,110;;132,00;138,60
NFe 2291;1302;14/08/2026 00:07:13;439;FRASCO 500ML - PET :: TRANSPARENTE;COMERCIAL ALFA LTDA;ALFA;RECIFE/PE;VENDEDOR A;21,28,35;Boleto;UNID;16900;0,850;;14.365,00;14.365,00
NFe 2291;1302;14/08/2026 00:07:13;212;DOSADORA R2 28/43 - PADRAO :: AZUL;COMERCIAL ALFA LTDA;ALFA;RECIFE/PE;VENDEDOR A;21,28,35;Boleto;UNID;39200;0,250;;9.800,00;10.290,00
NFe 2292;1303;14/08/2026 17:19:14;439;FRASCO 500ML - PET :: TRANSPARENTE;INDUSTRIA GAMA LTDA;GAMA;CARUARU/PE;VENDEDOR B;21,28,35;Boleto;UNID;16400;0,850;;13.940,00;13.940,00
NFe 2293;1304;14/08/2026 22:25:38;439;FRASCO 500ML - PET :: TRANSPARENTE;COMERCIAL ALFA LTDA;ALFA;RECIFE/PE;VENDEDOR A;21,28,35;Boleto;UNID;15300;0,850;;13.005,00;13.005,00
NFe 2294;1305;15/08/2026 14:12:11;439;FRASCO 500ML - PET :: TRANSPARENTE;COMERCIAL ALFA LTDA;ALFA;RECIFE/PE;VENDEDOR A;38,45,52;Boleto;UNID;25500;0,850;;21.675,00;21.675,00
NFe 2295;1306;16/08/2026 03:00:23;443;TAMPA PCO 38MM COM LACRE - NORMAL :: BRANCO;ATACADO OMEGA LTDA;OMEGA;PAULISTA/PE;VENDEDOR C;28,35,42;Boleto;UNID;11900;0,110;;1.309,00;1.374,45
NFe 2296;1307;16/08/2026 08:14:09;443;TAMPA PCO 38MM COM LACRE - NORMAL :: BRANCO;ATACADO OMEGA LTDA;OMEGA;PAULISTA/PE;VENDEDOR C;28,35,42;Boleto;UNID;-11.900;0,110;;-1.309,00;-1.374,45
NFe 2297;1308;17/08/2026 01:24:16;443;TAMPA PCO 38MM COM LACRE - NORMAL :: BRANCO;ATACADO OMEGA LTDA;OMEGA;PAULISTA/PE;VENDEDOR C;28,35,42;Boleto;UNID;11900;0,110;;1.309,00;1.374,45
NFe 2298;1309;17/08/2026 03:49:12;97;TAMPA PCO 26MM - NORMAL :: PRETO;INDUSTRIA GAMA LTDA;GAMA;CARUARU/PE;VENDEDOR B;38,45,52;Boleto;UNID;34300;0,068;;2.332,40;2.449,02
NFe 2298;1309;17/08/2026 03:49:12;439;FRASCO 500ML - PET :: TRANSPARENTE;INDUSTRIA GAMA LTDA;GAMA;CARUARU/PE;VENDEDOR B;38,45,52;Boleto;UNID;6000;0,850;;5.100,00;5.100,00
NFe 2298;1309;17/08/2026 03:49:12;212;DOSADORA R2 28/43 - PADRAO :: AZUL;INDUSTRIA GAMA LTDA;GAMA;CARUARU/PE;VENDEDOR B;38,45,52;Boleto;UNID;33900;0,250;;8.475,00;8.898,75
NFe 2299;1310;17/08/2026 04:52:56;439;FRASCO 500ML - PET :: TRANSPARENTE;COMERCIAL ALFA LTDA;ALFA;RECIFE/PE;VENDEDOR A;21,28,35;Boleto;UNID;11000;0,850;;9.350,00;9.350,00
NFe 2299;1310;17/08/2026 04:52:56;443;TAMPA PCO 38MM COM LACRE - NORMAL :: BRANCO;COMERCIAL ALFA LTDA;ALFA;RECIFE/PE;VENDEDOR A;21,28,35;Boleto;UNID;36000;0,110;;3.960,00;4.158,00
NFe 2299;1310;17/08/2026 04:52:56;97;TAMPA PCO 26MM - NORMAL :: PRETO;COMERCIAL ALFA LTDA;ALFA;RECIFE/PE;VENDEDOR A;21,28,35;Boleto;UNID;35600;0,068;;2.420,80;2.541,84
NFe 2300;1311;17/08/2026 06:12:22;443;TAMPA PCO 38MM COM LACRE - NORMAL :: BRANCO;INDUSTRIA GAMA LTDA;GAMA;CARUARU/PE;VENDEDOR B;28,35,42;Boleto;UNID;26600;0,110;;2.926,00;3.072,30
NFe 2300;1311;17/08/2026 06:12:22;212;DOSADORA R2 28/43 - PADRAO :: AZUL;INDUSTRIA GAMA LTDA;GAMA;CARUARU/PE;VENDEDOR B;28,35,42;Boleto;UNID;37300;0,250;;9.325,00;9.791,25
NFe 2300;1311;17/08/2026 06:12:22;97;TAMPA PCO 26MM - NORMAL :: PRETO;INDUSTRIA GAMA LTDA;GAMA;CARUARU/PE;VENDEDOR B;28,35,42;Boleto;UNID;32100;0,068;;2.182,80;2.291,94
NFe 2301;1312;17/08/2026 10:30:29;439;FRASCO 500ML - PET :: TRANSPARENTE;DISTRIBUIDORA BETA S/A;BETA;OLINDA/PE;VENDEDOR B;38,45,52;Boleto;UNID;27200;0,850;;23.120,00;23.120,00
NFe 2302;1313;17/08/2026 17:53:14;443;TAMPA PCO 38MM COM LACRE - NORMAL :: BRANCO;COMERCIAL ALFA LTDA;ALFA;RECIFE/PE;VENDEDOR A;38,45,52;Boleto;UNID;25100;0,110;;2.761,00;2.899,05
NFe 2302;1313;17/08/2026 17:53:14;901;TAMPA ANTIGA 28MM SEM PADRAO;COMERCIAL ALFA LTDA;ALFA;RECIFE/PE;VENDEDOR A;38,45,52;Boleto;UNID;17400;0,850;;14.790,00;14.790,00
NFe 2303;1314;18/08/2026 01:53:14;212;DOSADORA R2 28/43 - PADRAO :: AZUL;ATACADO OMEGA LTDA;OMEGA;PAULISTA/PE;VENDEDOR C;38,45,52;Boleto;UNID;26600;0,250;;6.650,00;6.982,50
NFe 2303;1314;18/08/2026 01:53:14;97;TAMPA PCO 26MM - NORMAL :: PRETO;ATACADO OMEGA LTDA;OMEGA;PAULISTA/PE;VENDEDOR C;38,45,52;Boleto;UNID;4300;0,068;;292,40;307,02
NFe 2303;1314;18/08/2026 01:53:14;439;FRASCO 500ML - PET :: TRANSPARENTE;ATACADO OMEGA LTDA;OMEGA;PAULISTA/PE;VENDEDOR C;38,45,52;Boleto;UNID;37500;0,850;;31.875,00;31.875,00
NFe 2304;1315;18/08/2026 06:50:30;212;DOSADORA R2 28/43 - PADRAO :: AZUL;DISTRIBUIDORA BETA S/A;BETA;OLINDA/PE;VENDEDOR B;28,35,42;Boleto;UNID;5600;0,250;;1.400,00;1.470,00
NFe 2304;1315;18/08/2026 06:50:30;97;TAMPA PCO 26MM - NORMAL :: PRETO;DISTRIBUIDORA BETA S/A;BETA;OLINDA/PE;VENDEDOR B;28,35,42;Boleto;UNID;9400;0,068;;639,20;671,16
NFe 2305;1316;18/08/2026 09:44:48;97;TAMPA PCO 26MM - NORMAL :: PRETO;INDUSTRIA GAMA LTDA;GAMA;CARUARU/PE;VENDEDOR B;28,35,42;Boleto;UNID;900;0,068;;61,20;64,26
NFe 2305;1316;18/08/2026 09:44:48;212;DOSADORA R2 28/43 - PADRAO :: AZUL;INDUSTRIA GAMA LTDA;GAMA;CARUARU/PE;VENDEDOR B;28,35,42;Boleto;UNID;7500;0,250;;1.875,00;1.968,75
NFe 2305;1316;18/08/2026 09:44:48;439;FRASCO 500ML - PET :: TRANSPARENTE;INDUSTRIA GAMA LTDA;GAMA;CARUARU/PE;VENDEDOR B;28,35,42;Boleto;UNID;34400;0,850;;29.240,00;29.240,00
NFe 2306;1317;18/08/2026 16:06:10;97;TAMPA PCO 26MM - NORMAL :: PRETO;ATACADO OMEGA LTDA;OMEGA;PAULISTA/PE;VENDEDOR C;28,35,42;Boleto;UNID;9800;0,068;;666,40;699,72
NFe 2306;1317;18/08/2026 16:06:10;443;TAMPA PCO 38MM COM LACRE - NORMAL :: BRANCO;ATACADO OMEGA LTDA;OMEGA;PAULISTA/PE;VENDEDOR C;28,35,42;Boleto;UNID;6300;0,110;;693,00;727,65
NFe 2306;1317;18/08/2026 16:06:10;439;FRASCO 500ML - PET :: TRANSPARENTE;ATACADO OMEGA LTDA;OMEGA;PAULISTA/PE;VENDEDOR C;28,35,42;Boleto;UNID;21000;0,850;;17.850,00;17.850,00
NFe 2307;1318;19/08/2026 05:35:27;443;TAMPA PCO 38MM COM LACRE - NORMAL :: BRANCO;INDUSTRIA GAMA LTDA;GAMA;CARUARU/PE;VENDEDOR B;28,35,42;Boleto;UNID;7200;0,110;;792,00;831,60
NFe 2307;1318;19/08/2026 05:35:27;97;TAMPA PCO 26MM - NORMAL :: PRETO;INDUSTRIA GAMA LTDA;GAMA;CARUARU/PE;VENDEDOR B;28,35,42;Boleto;UNID;36100;0,068;;2.454,80;2.577,54
NFe 2308;1319;19/08/2026 08:29:37;212;DOSADORA R2 28/43 - PADRAO :: AZUL;ATACADO OMEGA LTDA;OMEGA;PAULISTA/PE;VENDEDOR C;28,35,42;Boleto;UNID;18800;0,250;;4.700,00;4.935,00
NFe 2308;1319;19/08/2026 08:29:37;97;TAMPA PCO 26MM - NORMAL :: PRETO;ATACADO OMEGA LTDA;OMEGA;PAULISTA/PE;VENDEDOR C;28,35,42;Boleto;UNID;31800;0,068;;2.162,40;2.270,52
NFe 2308;1319;19/08/2026 08:29:37;443;TAMPA PCO 38MM COM LACRE - NORMAL :: BRANCO;ATACADO OMEGA LTDA;OMEGA;PAULISTA/PE;VENDEDOR C;28,35,42;Boleto;UNID;1900;0,110;;209,00;219,45
NFe 2309;1320;19/08/2026 14:00:35;97;TAMPA PCO 26MM - NORMAL :: PRETO;ATACADO OMEGA LTDA;OMEGA;PAULISTA/PE;VENDEDOR C;28,35,42;Boleto;UNID;13800;0,068;;938,40;985,32
NFe 2310;1321;20/08/2026 01:01:20;443;TAMPA PCO 38MM COM LACRE - NORMAL :: BRANCO;DISTRIBUIDORA BETA S/A;BETA;OLINDA/PE;VENDEDOR B;38,45,52;Boleto;UNID;27000;0,110;;2.970,00;3.118,50
NFe 2310;1321;20/08/2026 01:01:20;439;FRASCO 500ML - PET :: TRANSPARENTE;DISTRIBUIDORA BETA S/A;BETA;OLINDA/PE;VENDEDOR B;38,45,52;Boleto;UNID;27200;0,850;;23.120,00;23.120,00
NFe 2310;1321;20/08/2026 01:01:20;212;DOSADORA R2 28/43 - PADRAO :: AZUL;DISTRIBUIDORA BETA S/A;BETA;OLINDA/PE;VENDEDOR B;38,45,52;Boleto;UNID;35700;0,250;;8.925,00;9.371,25
NFe 2311;1322;20/08/2026 21:07:47;212;DOSADORA R2 28/43 - PADRAO :: AZUL;COMERCIAL ALFA LTDA;ALFA;RECIFE/PE;VENDEDOR A;28,35,42;Boleto;UNID;1000;0,250;;250,00;262,50
NFe 2311;1322;20/08/2026 21:07:47;97;TAMPA PCO 26MM - NORMAL :: PRETO;COMERCIAL ALFA LTDA;ALFA;RECIFE/PE;VENDEDOR A;28,35,42;Boleto;UNID;33400;0,068;;2.271,20;2.384,76
NFe 2311;1322;20/08/2026 21:07:47;439;FRASCO 500ML - PET :: TRANSPARENTE;COMERCIAL ALFA LTDA;ALFA;RECIFE/PE;VENDEDOR A;28,35,42;Boleto;UNID;8500;0,850;;7.225,00;7.225,00
NFe 2312;1323;21/08/2026 15:02:17;439;FRASCO 500ML - PET :: TRANSPARENTE;ATACADO OMEGA LTDA;OMEGA;PAULISTA/PE;VENDEDOR C;21,28,35;Boleto;UNID;17400;0,850;;14.790,00;14.790,00
NFe 2312;1323;21/08/2026 15:02:17;97;TAMPA PCO 26MM - NORMAL :: PRETO;ATACADO OMEGA LTDA;OMEGA;PAULISTA/PE;VENDEDOR C;21,28,35;Boleto;UNID;14700;0,068;;999,60;1.049,58
NFe 2313;1324;21/08/2026 17:34:31;212;DOSADORA R2 28/43 - PADRAO :: AZUL;COMERCIAL ALFA LTDA;ALFA;RECIFE/PE;VENDEDOR A;21,28,35;Boleto;UNID;23200;0,250;;5.800,00;6.090,00
NFe 2314;1325;22/08/2026 13:02:36;97;TAMPA PCO 26MM - NORMAL :: PRETO;COMERCIAL ALFA LTDA;ALFA;RECIFE/PE;VENDEDOR A;21,28,35;Boleto;UNID;21100;0,068;;1.434,80;1.506,54
NFe 2314;1325;22/08/2026 13:02:36;212;DOSADORA R2 28/43 - PADRAO :: AZUL;COMERCIAL ALFA LTDA;ALFA;RECIFE/PE;VENDEDOR A;21,28,35;Boleto;UNID;21600;0,250;;5.400,00;5.670,00
NFe 2315;1326;22/08/2026 15:38:11;97;TAMPA PCO 26MM - NORMAL :: PRETO;COMERCIAL ALFA LTDA;ALFA;RECIFE/PE;VENDEDOR A;21,28,35;Boleto;UNID;-21.100;0,068;;-1.434,80;-1.506,54
NFe 2315;1326;22/08/2026 15:38:11;212;DOSADORA R2 28/43 - PADRAO :: AZUL;COMERCIAL ALFA LTDA;ALFA;RECIFE/PE;VENDEDOR A;21,28,35;Boleto;UNID;-21.600;0,250;;-5.400,00;-5.670,00
NFe 2316;1327;22/08/2026 19:28:49;443;TAMPA PCO 38MM COM LACRE - NORMAL :: BRANCO;INDUSTRIA GAMA LTDA;GAMA;CARUARU/PE;VENDEDOR B;38,45,52;Boleto;UNID;17900;0,110;;1.969,00;2.067,45
NFe 2316;1327;22/08/2026 19:28:49;439;FRASCO 500ML - PET :: TRANSPARENTE;INDUSTRIA GAMA LTDA;GAMA;CARUARU/PE;VENDEDOR B;38,45,52;Boleto;UNID;19100;0,850;;16.235,00;16.235,00
NFe 2316;1327;22/08/2026 19:28:49;212;DOSADORA R2 28/43 - PADRAO :: AZUL;INDUSTRIA GAMA LTDA;GAMA;CARUARU/PE;VENDEDOR B;38,45,52;Boleto;UNID;3200;0,250;;800,00;840,00
NFe 2317;1328;23/08/2026 04:23:18;439;FRASCO 500ML - PET :: TRANSPARENTE;EMBALAGENS DELTA ME;DELTA;JABOATAO/PE;VENDEDOR B;38,45,52;Boleto;UNID;23600;0,850;;20.060,00;20.060,00
NFe 2317;1328;23/08/2026 04:23:18;212;DOSADORA R2 28/43 - PADRAO :: AZUL;EMBALAGENS DELTA ME;DELTA;JABOATAO/PE;VENDEDOR B;38,45,52;Boleto;UNID;6300;0,250;;1.575,00;1.653,75
NFe 2318;1329;23/08/2026 09:12:00;439;FRASCO 500ML - PET :: TRANSPARENTE;COMERCIAL ALFA LTDA;ALFA;RECIFE/PE;VENDEDOR A;38,45,52;Boleto;UNID;5900;0,850;;5.015,00;5.015,00
NFe 2318;1329;23/08/2026 09:12:00;212;DOSADORA R2 28/43 - PADRAO :: AZUL;COMERCIAL ALFA LTDA;ALFA;RECIFE/PE;VENDEDOR A;38,45,52;Boleto;UNID;2800;0,250;;700,00;735,00
NFe 2319;1330;23/08/2026 15:43:08;439;FRASCO 500ML - PET :: TRANSPARENTE;EMBALAGENS DELTA ME;DELTA;JABOATAO/PE;VENDEDOR B;28,35,42;Boleto;UNID;31700;0,850;;26.945,00;26.945,00
NFe 2320;1331;23/08/2026 22:55:15;439;FRASCO 500ML - PET :: TRANSPARENTE;COMERCIAL ALFA LTDA;ALFA;RECIFE/PE;VENDEDOR A;28,35,42;Boleto;UNID;6000;0,850;;5.100,00;5.100,00
NFe 2321;1332;24/08/2026 12:58:14;212;DOSADORA R2 28/43 - PADRAO :: AZUL;INDUSTRIA GAMA LTDA;GAMA;CARUARU/PE;VENDEDOR B;21,28,35;Boleto;UNID;30600;0,250;;7.650,00;8.032,50
NFe 2321;1332;24/08/2026 12:58:14;439;FRASCO 500ML - PET :: TRANSPARENTE;INDUSTRIA GAMA LTDA;GAMA;CARUARU/PE;VENDEDOR B;21,28,35;Boleto;UNID;26300;0,850;;22.355,00;22.355,00
NFe 2322;1333;24/08/2026 18:29:14;212;DOSADORA R2 28/43 - PADRAO :: AZUL;COMERCIAL ALFA LTDA;ALFA;RECIFE/PE;VENDEDOR A;28,35,42;Boleto;UNID;35900;0,250;;8.975,00;9.423,75
NFe 2322;1333;24/08/2026 18:29:14;439;FRASCO 500ML - PET :: TRANSPARENTE;COMERCIAL ALFA LTDA;ALFA;RECIFE/PE;VENDEDOR A;28,35,42;Boleto;UNID;30100;0,850;;25.585,00;25.585,00
NFe 2322;1333;24/08/2026 18:29:14;97;TAMPA PCO 26MM - NORMAL :: PRETO;COMERCIAL ALFA LTDA;ALFA;RECIFE/PE;VENDEDOR A;28,35,42;Boleto;UNID;9300;0,068;;632,40;664,02
NFe 2323;1334;24/08/2026 23:35:38;212;DOSADORA R2 28/43 - PADRAO :: AZUL;DISTRIBUIDORA BETA S/A;BETA;OLINDA/PE;VENDEDOR B;28,35,42;Boleto;UNID;14500;0,250;;3.625,00;3.806,25
NFe 2323;1334;24/08/2026 23:35:38;443;TAMPA PCO 38MM COM LACRE - NORMAL :: BRANCO;DISTRIBUIDORA BETA S/A;BETA;OLINDA/PE;VENDEDOR B;28,35,42;Boleto;UNID;20800;0,110;;2.288,00;2.402,40
NFe 2323;1334;24/08/2026 23:35:38;97;TAMPA PCO 26MM - NORMAL :: PRETO;DISTRIBUIDORA BETA S/A;BETA;OLINDA/PE;VENDEDOR B;28,35,42;Boleto;UNID;18000;0,068;;1.224,00;1.285,20
NFe 2324;1335;25/08/2026 10:04:29;439;FRASCO 500ML - PET :: TRANSPARENTE;COMERCIAL ALFA LTDA;ALFA;RECIFE/PE;VENDEDOR A;38,45,52;Boleto;UNID;36900;0,850;;31.365,00;31.365,00
NFe 2324;1335;25/08/2026 10:04:29;212;DOSADORA R2 28/43 - PADRAO :: AZUL;COMERCIAL ALFA LTDA;ALFA;RECIFE/PE;VENDEDOR A;38,45,52;Boleto;UNID;38200;0,250;;9.550,00;10.027,50
NFe 2324;1335;25/08/2026 10:04:29;443;TAMPA PCO 38MM COM LACRE - NORMAL :: BRANCO;COMERCIAL ALFA LTDA;ALFA;RECIFE/PE;VENDEDOR A;38,45,52;Boleto;UNID;28800;0,110;;3.168,00;3.326,40
NFe 2325;1336;25/08/2026 17:16:42;443;TAMPA PCO 38MM COM LACRE - NORMAL :: BRANCO;COMERCIAL ALFA LTDA;ALFA;RECIFE/PE;VENDEDOR A;28,35,42;Boleto;UNID;26200;0,110;;2.882,00;3.026,10
NFe 2325;1336;25/08/2026 17:16:42;439;FRASCO 500ML - PET :: TRANSPARENTE;COMERCIAL ALFA LTDA;ALFA;RECIFE/PE;VENDEDOR A;28,35,42;Boleto;UNID;28200;0,850;;23.970,00;23.970,00
NFe 2325;1336;25/08/2026 17:16:42;97;TAMPA PCO 26MM - NORMAL :: PRETO;COMERCIAL ALFA LTDA;ALFA;RECIFE/PE;VENDEDOR A;28,35,42;Boleto;UNID;36000;0,068;;2.448,00;2.570,40
NFe 2326;1337;26/08/2026 05:01:49;212;DOSADORA R2 28/43 - PADRAO :: AZUL;DISTRIBUIDORA BETA S/A;BETA;OLINDA/PE;VENDEDOR B;38,45,52;Boleto;UNID;22100;0,250;;5.525,00;5.801,25
NFe 2326;1337;26/08/2026 05:01:49;439;FRASCO 500ML - PET :: TRANSPARENTE;DISTRIBUIDORA BETA S/A;BETA;OLINDA/PE;VENDEDOR B;38,45,52;Boleto;UNID;1100;0,850;;935,00;935,00
NFe 2326;1337;26/08/2026 05:01:49;443;TAMPA PCO 38MM COM LACRE - NORMAL :: BRANCO;DISTRIBUIDORA BETA S/A;BETA;OLINDA/PE;VENDEDOR B;38,45,52;Boleto;UNID;27200;0,110;;2.992,00;3.141,60
NFe 2327;1338;26/08/2026 09:03:13;443;TAMPA PCO 38MM COM LACRE - NORMAL :: BRANCO;INDUSTRIA GAMA LTDA;GAMA;CARUARU/PE;VENDEDOR B;21,28,35;Boleto;UNID;35400;0,110;;3.894,00;4.088,70
NFe 2327;1338;26/08/2026 09:03:13;212;DOSADORA R2 28/43 - PADRAO :: AZUL;INDUSTRIA GAMA LTDA;GAMA;CARUARU/PE;VENDEDOR B;21,28,35;Boleto;UNID;13300;0,250;;3.325,00;3.491,25
NFe 2328;1339;26/08/2026 14:56:16;439;FRASCO 500ML - PET :: TRANSPARENTE;COMERCIAL ALFA LTDA;ALFA;RECIFE/PE;VENDEDOR A;38,45,52;Boleto;UNID;23600;0,850;;20.060,00;20.060,00
NFe 2329;1340;26/08/2026 19:36:11;212;DOSADORA R2 28/43 - PADRAO :: AZUL;DISTRIBUIDORA BETA S/A;BETA;OLINDA/PE;VENDEDOR B;21,28,35;Boleto;UNID;35900;0,250;;8.975,00;9.423,75
NFe 2329;1340;26/08/2026 19:36:11;97;TAMPA PCO 26MM - NORMAL :: PRETO;DISTRIBUIDORA BETA S/A;BETA;OLINDA/PE;VENDEDOR B;21,28,35;Boleto;UNID;34500;0,068;;2.346,00;2.463,30
NFe 2329;1340;26/08/2026 19:36:11;443;TAMPA PCO 38MM COM LACRE - NORMAL :: BRANCO;DISTRIBUIDORA BETA S/A;BETA;OLINDA/PE;VENDEDOR B;21,28,35;Boleto;UNID;2900;0,110;;319,00;334,95
NFe 2330;1341;27/08/2026 09:00:37;97;TAMPA PCO 26MM - NORMAL :: PRETO;ATACADO OMEGA LTDA;OMEGA;PAULISTA/PE;VENDEDOR C;28,35,42;Boleto;UNID;10800;0,068;;734,40;771,12
NFe 2330;1341;27/08/2026 09:00:37;212;DOSADORA R2 28/43 - PADRAO :: AZUL;ATACADO OMEGA LTDA;OMEGA;PAULISTA/PE;VENDEDOR C;28,35,42;Boleto;UNID;32200;0,250;;8.050,00;8.452,50
NFe 2330;1341;27/08/2026 09:00:37;443;TAMPA PCO 38MM COM LACRE - NORMAL :: BRANCO;ATACADO OMEGA LTDA;OMEGA;PAULISTA/PE;VENDEDOR C;28,35,42;Boleto;UNID;23100;0,110;;2.541,00;2.668,05
NFe 2331;1342;27/08/2026 17:59:17;443;TAMPA PCO 38MM COM LACRE - NORMAL :: BRANCO;INDUSTRIA GAMA LTDA;GAMA;CARUARU/PE;VENDEDOR B;38,45,52;Boleto;UNID;15500;0,110;;1.705,00;1.790,25
NFe 2331;1342;27/08/2026 17:59:17;439;FRASCO 500ML - PET :: TRANSPARENTE;INDUSTRIA GAMA LTDA;GAMA;CARUARU/PE;VENDEDOR B;38,45,52;Boleto;UNID;23400;0,850;;19.890,00;19.890,00
NFe 2331;1342;27/08/2026 17:59:17;97;TAMPA PCO 26MM - NORMAL :: PRETO;INDUSTRIA GAMA LTDA;GAMA;CARUARU/PE;VENDEDOR B;38,45,52;Boleto;UNID;9500;0,068;;646,00;678,30
NFe 2332;1343;27/08/2026 21:10:28;439;FRASCO 500ML - PET :: TRANSPARENTE;COMERCIAL ALFA LTDA;ALFA;RECIFE/PE;VENDEDOR A;21,28,35;Boleto;UNID;14000;0,850;;11.900,00;11.900,00
NFe 2332;1343;27/08/2026 21:10:28;212;DOSADORA R2 28/43 - PADRAO :: AZUL;COMERCIAL ALFA LTDA;ALFA;RECIFE/PE;VENDEDOR A;21,28,35;Boleto;UNID;7100;0,250;;1.775,00;1.863,75
NFe 2333;1344;28/08/2026 03:48:22;97;TAMPA PCO 26MM - NORMAL :: PRETO;COMERCIAL ALFA LTDA;ALFA;RECIFE/PE;VENDEDOR A;38,45,52;Boleto;UNID;8300;0,068;;564,40;592,62
NFe 2334;1345;28/08/2026 15:26:25;212;DOSADORA R2 28/43 - PADRAO :: AZUL;INDUSTRIA GAMA LTDA;GAMA;CARUARU/PE;VENDEDOR B;38,45,52;Boleto;UNID;28600;0,250;;7.150,00;7.507,50
NFe 2334;1345;28/08/2026 15:26:25;439;FRASCO 500ML - PET :: TRANSPARENTE;INDUSTRIA GAMA LTDA;GAMA;CARUARU/PE;VENDEDOR B;38,45,52;Boleto;UNID;18800;0,850;;15.980,00;15.980,00
NFe 2335;1346;28/08/2026 19:17:10;97;TAMPA PCO 26MM - NORMAL :: PRETO;COMERCIAL ALFA LTDA;ALFA;RECIFE/PE;VENDEDOR A;21,28,35;Boleto;UNID;21700;0,068;;1.475,60;1.549,38
NFe 2335;1346;28/08/2026 19:17:10;439;FRASCO 500ML - PET :: TRANSPARENTE;COMERCIAL ALFA LTDA;ALFA;RECIFE/PE;VENDEDOR A;21,28,35;Boleto;UNID;28300;0,850;;24.055,00;24.055,00
NFe 2335;1346;28/08/2026 19:17:10;212;DOSADORA R2 28/43 - PADRAO :: AZUL;COMERCIAL ALFA LTDA;ALFA;RECIFE/PE;VENDEDOR A;21,28,35;Boleto;UNID;27900;0,250;;6.975,00;7.323,75
NFe 2336;1347;29/08/2026 08:22:32;439;FRASCO 500ML - PET :: TRANSPARENTE;COMERCIAL ALFA LTDA;ALFA;RECIFE/PE;VENDEDOR A;28,35,42;Boleto;UNID;11600;0,850;;9.860,00;9.860,00
NFe 2336;1347;29/08/2026 08:22:32;443;TAMPA PCO 38MM COM LACRE - NORMAL :: BRANCO;COMERCIAL ALFA LTDA;ALFA;RECIFE/PE;VENDEDOR A;28,35,42;Boleto;UNID;39000;0,110;;4.290,00;4.504,50
NFe 2337;1348;30/08/2026 04:56:02;97;TAMPA PCO 26MM - NORMAL :: PRETO;ATACADO OMEGA LTDA;OMEGA;PAULISTA/PE;VENDEDOR C;38,45,52;Boleto;UNID;34700;0,068;;2.359,60;2.477,58
NFe 2338;1349;30/08/2026 17:24:17;97;TAMPA PCO 26MM - NORMAL :: PRETO;DISTRIBUIDORA BETA S/A;BETA;OLINDA/PE;VENDEDOR B;38,45,52;Boleto;UNID;35400;0,068;;2.407,20;2.527,56
NFe 2339;1350;31/08/2026 04:49:15;439;FRASCO 500ML - PET :: TRANSPARENTE;COMERCIAL ALFA LTDA;ALFA;RECIFE/PE;VENDEDOR A;28,35,42;Boleto;UNID;26800;0,850;;22.780,00;22.780,00
NFe 2339;1350;31/08/2026 04:49:15;97;TAMPA PCO 26MM - NORMAL :: PRETO;COMERCIAL ALFA LTDA;ALFA;RECIFE/PE;VENDEDOR A;28,35,42;Boleto;UNID;26500;0,068;;1.802,00;1.892,10
NFe 2339;1350;31/08/2026 04:49:15;443;TAMPA PCO 38MM COM LACRE - NORMAL :: BRANCO;COMERCIAL ALFA LTDA;ALFA;RECIFE/PE;VENDEDOR A;28,35,42;Boleto;UNID;23300;0,110;;2.563,00;2.691,15
NFe 2340;1351;31/08/2026 20:51:33;97;TAMPA PCO 26MM - NORMAL :: PRETO;COMERCIAL ALFA LTDA;ALFA;RECIFE/PE;VENDEDOR A;38,45,52;Boleto;UNID;9000;0,068;;612,00;642,60
